"key","message","comment","context"
"<< Previous","上一步",,
"<b>Tags:</b>$date: Today's date, $time: Current time","<b>标签：</b>$date：今天的日期，$time：当前时间",,
"A negative value won't set a depth limit in the recursive task evaluation. Please do so only if you are aware of the impacts.","递归任务评估中，负值不会设置深度限制。请仅在您了解影响的情况下这样做。",,
"A negative value won't set a time limit in the recursive task evaluation. Please do so only if you are aware of the impacts.","递归任务评估中，负值不会设置时间限制。请仅在您了解影响的情况下这样做。",,
"A suspicion of infinite loop occurs when both of these limits are exceeded.","当这两个限制都被超过时，会怀疑存在无限循环。",,
"AND","与",,
"Accept","接受",,
"Accept-Charset","接受字符集",,
"Accept-Datetime","接受日期时间",,
"Accept-Encoding","接受编码",,
"Accept-Language","接受语言",,
"Access config imported successfully","访问配置导入成功",,
"Access-Control-Allow-Headers","允许的访问控制头",,
"Access-Control-Allow-Methods","允许的访问控制方法",,
"Access-Control-Allow-Origin","允许的访问控制来源",,
"Access-Control-Expose-Headers","暴露的访问控制头",,
"Access-Control-Max-Age","访问控制最大年龄",,
"Action","操作",,
"Action/Email Title","操作/邮件标题",,
"Action/Email title","操作/邮件标题",,
"Actions","操作",,
"Activate the hand tool","激活手工具",,
"Activate the lasso tool","激活套索工具",,
"Active","激活",,
"Activity ref","活动引用",,
"Ad-hoc","临时",,
"Add","添加",,
"Add Fields","添加字段",,
"Add all values","添加所有值",,
"Add comments","添加评论",,
"Add context menu","添加上下文菜单",,
"Add expression","添加表达式",,
"Add group","添加组",,
"Add menus","添加菜单",,
"Add multiple arguments","添加多个参数",,
"Add new","添加新",,
"Add payload","添加负载",,
"Add query","添加查询",,
"Add rule","添加规则",,
"Add sub field","添加子字段",,
"Add tab","添加选项卡",,
"Add the application to the App Management","将应用程序添加到应用程序管理",,
"Add translations","添加翻译",,
"Addons","插件",,
"Admins","管理员",,
"After","之后",,
"Aggregate","聚合",,
"Aggregate On","聚合于",,
"Aggregate On type","聚合类型",,
"Aggregate date type","聚合日期类型",,
"Alert","警告",,
"All","全部",,
"All Action","所有操作",,
"All Processes","所有流程",,
"All instances","所有实例 ",,
"All options and selection will be lost. Are you sure ?","所有选项和选择都将丢失。你确定吗？",,
"Allow Bpm loading from sources","允许从源加载BPM",,
"Amber","琥珀色",,
"And","和",,
"App","应用程序",,
"App BPM","应用程序BPM",,
"App Data Loader","应用程序数据加载器",,
"App Loader","应用程序加载器",,
"App Loaders","应用程序加载器",,
"App Studio","应用程序工作室",,
"App loader","应用程序加载器",,
"App name","应用程序名称",,
"Append","追加",,
"Append mapper","追加映射器",,
"Append query","追加查询",,
"Applied","已应用",,
"Apply","应用",,
"Apps","应用程序",,
"Apps imported successfully","应用程序导入成功",,
"Apps installed successfully","应用程序安装成功",,
"Apps management","应用程序管理",,
"Apps refreshed successfully","应用程序刷新成功",,
"Are you sure to import demo data for '${name}'?","你确定要导入'${name}'的演示数据吗？",,
"Are you sure to install '${name}'?","你确定要安装'${name}'吗？",,
"Are you sure to uninstall '${name}'?","你确定要卸载'${name}'吗？",,
"Are you sure you want to close the tab?","你确定要关闭选项卡吗？",,
"Are you sure you want to delete this record?","你确定要删除此记录吗？",,
"Are you sure you want to terminate all the processes?","你确定要终止所有进程吗？",,
"Are you sure, do you want to delete translations?","你确定要删除翻译吗？",,
"Are you sure?","你确定吗？",,
"Are you sure? Do you want to delete it?","你确定吗？你想删除它吗？",,
"Area","区域",,
"Assign output to fields","将输出分配给字段",,
"Assign value to","赋值给",,
"Assigned to me","分配给我",,
"Assigned to others","分配给其他人",,
"At least 2 models are required to perform the merge operation.","执行合并操作至少需要2个模型。",,
"Atleast one children required","至少需要一个子元素",,
"Atleast one menu item required","至少需要一个菜单项",,
"Attribute value","属性值",,
"Attributes","属性",,
"Auth call token","身份验证调用令牌",,
"Auth request","身份验证请求",,
"Auth response","身份验证响应",,
"Auth type","身份验证类型",,
"Authenticate","身份验证",,
"Authenticated","已验证",,
"Authenticator","身份验证器",,
"Authorization","授权",,
"Average time spent per node by per users","每个用户每个节点平均花费的时间",,
"BAML","BAML",,
"BAML Editor","BAML编辑器",,
"BAML Model","BAML模型",,
"BAML editor","BAML编辑器",,
"BAML model","BAML模型",,
"BAMLs","BAMLs",,
"BPM","BPM",,
"BPM Dashboard","BPM仪表板",,
"BPM Instance","BPM实例",,
"BPM Instance State","BPM实例状态",,
"BPM Migration","BPM迁移",,
"BPM Model","BPM模型",,
"BPM Models","BPM模型",,
"BPM State","BPM状态",,
"BPM Studio","BPM工作室",,
"BPM components","BPM组件",,
"BPM editor","BPM编辑器",,
"BPM error","BPM错误",,
"BPM model","BPM模型",,
"BPM state <b>%s</b> is activated on<br/> <a href=\""%s\"">%s</a><br/>","BPM状态<b>%s</b>已激活<br/> <a href=\""%s\"">%s</a><br/>",,
"BPMN","BPMN",,
"Back to Draft","返回草稿",,
"Back to draft","返回草稿",,
"Background","背景",,
"Bar","条形图",,
"Base URL","基础URL",,
"Basic","基本",,
"Basic Type","基本类型",,
"Before","之前",,
"Between","之间",,
"Binding","绑定",,
"Black","黑色",,
"Blocking","阻塞",,
"Blue","蓝色",,
"Blue Grey","蓝灰色",,
"Boolean","布尔",,
"Bpm import from sources is not allowed","不允许从源导入BPM",,
"Brown","棕色",,
"Bulk install","批量安装",,
"Business Rule Task","业务规则任务",,
"Business rule task","业务规则任务",,
"Button","按钮",,
"Buttons","按钮",,
"CRON builder","CRON构建器",,
"Cache-Control","缓存控制",,
"Call","调用",,
"Call Activity","调用活动",,
"Call activity","调用活动",,
"Call Connector","调用连接器",,
"Call if","如果调用",,
"Call link","调用链接",,
"Call link condition","调用链接条件",,
"Call model","调用模型",,
"CallActivity type","CallActivity类型",,
"Called element","被调用元素",,
"Can Collapse","可以折叠",,
"Can collapse","可折叠",,
"Can move","可以移动",,
"Can save","可以保存",,
"Can search","可以搜索",,
"Can't alter nodes for real existing selection field","无法更改实际存在的选择字段的节点",,
"Can't restart inactive process","无法重启非活动进程",,
"Cancel","取消",,
"Cancel Boundary Event","取消边界事件",,
"Cancel boundary event","取消边界事件",,
"Cancel End Event","取消结束事件",,
"Cancel end event","取消结束事件",,
"Cancel node","取消节点",,
"Cancelled successfully","已成功取消",,
"Candidate starter groups","候选启动组",,
"Candidate starter users","候选启动用户",,
"Case ref","案例引用",,
"Category value","类别值",,
"Chart","图表",,
"Chart type","图表类型",,
"Charts","图表",,
"Clear log","清除日志",,
"Close","关闭",,
"Code","代码",,
"Code is required.","代码是必需的。",,
"Collapse If","如果折叠",,
"Collapse if","如果折叠",,
"Collection","集合",,
"Color","颜色",,
"Colspan","跨列",,
"Column sequence","列顺序",,
"Comment","评论",,
"Comments","评论",,
"Common","通用",,
"Comparison","比较",,
"Compensation Boundary Event","补偿边界事件",,
"Compensation boundary event","补偿边界事件",,
"Compensation End Event","补偿结束事件",,
"Compensation end event","补偿结束事件",,
"Compensation Intermediate Throw Event","补偿中间抛出事件",,
"Compensation intermediate throw event","补偿中间抛出事件",,
"Compensation Start Event","补偿开始事件",,
"Compensation start event","补偿开始事件",,
"Completed If can't be managed using builder once changed manually.","'完成如果'一旦手动更改后，不能使用构建器管理。",,
"Completed if","完成如果",,
"Completion condition","完成条件",,
"Complex Gateway","复杂网关",,
"Complex gateway","复杂网关",,
"Compulsory","强制性",,
"Computed","计算",,
"Condition","条件",,
"Conditional Boundary Event","条件边界事件",,
"Conditional boundary event","条件边界事件",,
"Conditional Flow","条件流",,
"Conditional flow","条件流",,
"Conditional Intermediate Catch Event","条件中间捕获事件",,
"Conditional intermediate catch event","条件中间捕获事件",,
"Conditional Start Event","条件开始事件",,
"Conditional start event","条件开始事件",,
"Configuration","配置",,
"Configure","配置",,
"Confirm","确认",,
"Connect using transition","使用转换连接",,
"Connection","连接",,
"Connector","连接器",,
"Connector script","连接器脚本",,
"Content-Disposition","内容处置",,
"Content-Encoding","内容编码",,
"Content-Language","内容语言",,
"Content-Length","内容长度",,
"Content-MD5","内容MD5",,
"Content-Range","内容范围",,
"Content-Security-Policy","内容安全策略",,
"Content-Security-Policy-Report-Only","仅报告内容安全策略",,
"Content-Type","内容类型",,
"Context","上下文",,
"Context builder","上下文构建器",,
"Context model","上下文模型",,
"Cookie","Cookie",,
"Create","创建",,
"Create Decision Table","创建决策表",,
"Create Input Data","创建输入数据",,
"Create Knowledge Model","创建知识模型",,
"Create Knowledge Source","创建知识来源",,
"Create condition","创建条件",,
"Create loop","创建循环",,
"Create user action","创建用户操作",,
"Cross-Origin-Resource-Policy","跨域资源共享策略",,
"Css","CSS",,
"Current changes will be lost. Do you really want to proceed?","当前更改将会丢失。你真的要继续吗？",,
"Current node","当前节点",,
"Current status","当前状态",,
"Custom","自定义",,
"Custom Variable","自定义变量",,
"Custom Variables","自定义变量",,
"Custom actions","自定义动作",,
"Custom field","自定义字段",,
"Custom fields","自定义字段",,
"Custom model","自定义模型",,
"Custom models","自定义模型",,
"Custom variable list","自定义变量列表",,
"Custom variables","自定义变量",,
"Cyan","青色",,
"Cycle","周期",,
"DELETE","删除",,
"DMN","DMN",,
"DMN Diagrams","DMN图表",,
"DMN Editor","DMN编辑器",,
"DMN editor","DMN编辑器",,
"DMN field","DMN字段",,
"DMN model","DMN模型",,
"DMNs","DMNs",,
"Dashboard","仪表板",,
"Dashboards","仪表板",,
"Dashlet","仪表板元素",,
"Dashlets","仪表板元素",,
"Data Object Reference","数据对象引用",,
"Data object reference","数据对象引用",,
"Data Store Reference","数据存储引用",,
"Data store reference","数据存储引用",,
"Data file","数据文件",,
"Data file must be excel file","数据文件必须是Excel文件",,
"Date","日期",,
"Date time","日期时间",,
"Datetime","日期时间",,
"Day","天",,
"Days","天",,
"Deadline field path","截止日期字段路径",,
"Deadline type field","截止日期类型字段",,
"Decimal","小数",,
"Decision","决策",,
"Decision Id","决策ID",,
"Decision name","决策名称",,
"Decision ref","决策引用",,
"Decision tables","决策表",,
"Deep Orange","深橙色",,
"Deep Purple","深紫色",,
"Default Flow","默认流",,
"Default flow","默认流",,
"Default Value","默认值",,
"Default authenticator","默认身份验证器",,
"Default form","默认表单",,
"Default value","默认值",,
"Definitions","定义",,
"Delegate expression","委托表达式",,
"Delete","删除",,
"Delete Confirmation","删除确认",,
"Deleted Successfully","删除成功",,
"Demo data loaded","演示数据已加载",,
"Demo data loaded successfully","演示数据加载成功",,
"Depends on","取决于",,
"Deploy","部署",,
"Deployed Successfully","部署成功",,
"Deployment id","部署ID",,
"Description","描述",,
"Description type","描述类型",,
"Details","详细信息",,
"Diagram xml","图表XML",,
"Direct creation","直接创建",,
"Direct creation ?","直接创建？",,
"Display","显示",,
"Display for models","显示模型",,
"Display message","显示消息",,
"Display on models","显示在模型上",,
"Display status","显示状态",,
"Display tag count","显示标签计数",,
"Display tag count ?","显示标签计数？",,
"Display type","显示类型",,
"Dmn model","DMN模型",,
"Domain","域",,
"Donut","甜甜圈",,
"Download","下载",,
"Download SVG","下载SVG",,
"Draft","草稿",,
"Dummy","虚拟",,
"Duration","持续时间",,
"Duration (m)","持续时间（分钟）",,
"Duration type","持续时间类型",,
"ETag","实体标签",,
"Edit","编辑",,
"Edit before send","发送前编辑",,
"Edit number","编辑数字",,
"Edit string","编辑字符串",,
"Editable","可编辑",,
"Editing not supported for set expression language","不支持编辑设置表达式语言",,
"Element variable","元素变量",,
"Email","电子邮件",,
"Email event","电子邮件事件",,
"Email notification","电子邮件通知",,
"Email template","电子邮件模板",,
"Enable","启用",,
"Enable app","启用应用程序",,
"Enable track web services","启用跟踪Web服务",,
"End Event","结束事件",,
"End event","结束事件",,
"End node","结束节点",,
"End value","结束值",,
"Ensure providing a valid WKF model before proceeding.","确保提供有效的WKF模型后再继续。",,
"Enterprise","企业",,
"Equal","等于",,
"Equals","等于",,
"Error","错误",,
"Error Boundary Event","错误边界事件",,
"Error boundary event","错误边界事件",,
"Error End Event","错误结束事件",,
"Error end event","错误结束事件",,
"Error Start Event","错误开始事件",,
"Error start event","错误开始事件",,
"Error code","错误代码",,
"Error code variable","错误代码变量",,
"Error in authorization","授权错误",,
"Error in authorization of connector: %s","连接器授权错误：%s",,
"Error in refreshing app","刷新应用程序时出错",,
"Error message","错误消息",,
"Error message variable","错误消息变量",,
"Error name","错误名称",,
"Error! Can't import XML","错误！无法导入XML",,
"Escalation","升级",,
"Escalation Boundary Event","升级边界事件",,
"Escalation boundary event","升级边界事件",,
"Escalation End Event","升级结束事件",,
"Escalation end event","升级结束事件",,
"Escalation Intermediate Throw Event","升级中间抛出事件",,
"Escalation intermediate throw event","升级中间抛出事件",,
"Escalation Start Event","升级开始事件",,
"Escalation start event","升级开始事件",,
"Escalation code","升级代码",,
"Escalation code variable","升级代码变量",,
"Escalation name","升级名称",,
"Event Sub Process","事件子过程",,
"Event based Gateway","基于事件的网关",,
"Event-based gateway","基于事件的网关",,
"Event type","事件类型",,
"Exactly","正好",,
"Exclude","排除",,
"Exclusive Gateway","排它网关",,
"Exclusive gateway","排它网关",,
"Executable","可执行的",,
"Execute","执行",,
"Execution listener","执行监听器",,
"Existing menu","现有菜单",,
"Existing select","现有选择",,
"Existing selection","现有选择",,
"Expanded Pool","展开的池",,
"Expanded pool/participant","展开的池/参与者",,
"Expect","期望",,
"Experimental","实验性的",,
"Export","导出",,
"Export Apps","导出应用程序",,
"Export Data","导出数据",,
"Export app","导出应用程序",,
"Export data","导出数据",,
"Export file","导出文件",,
"Export libraries","导出库",,
"Export path not configured","未配置导出路径",,
"Export wkf","导出工作流",,
"Exported on","导出于",,
"Expression","表达式",,
"Expression can't be managed using builder once changed manually.","一旦手动更改后，表达式无法使用构建器管理。",,
"Expression language","表达式语言",,
"Extension","扩展",,
"External","外部",,
"External task configuration","外部任务配置",,
"Extra","额外",,
"False","假",,
"Feature-Policy","特性策略",,
"Field","字段",,
"Field name should be unique. Check","字段名称应唯一，请检查",,
"Field options","字段选项",,
"Field tracking","字段跟踪",,
"Field type","字段类型",,
"Fields","字段",,
"File Link","文件链接",,
"File Path","文件路径",,
"File not found","文件未找到",,
"File text","文件文本",,
"File upload path not configured","文件上传路径未配置",,
"Filter","过滤器",,
"Filter Query","过滤查询",,
"Filters","过滤器",,
"First","第一个",,
"First Letter of the id should always be alphabet","ID的第一个字母应该是字母",,
"First Letter of the name should always be alphabet","名称的第一个字母应该是字母",,
"First group by","首先按组",,
"Form","表单",,
"Form view","表单视图",,
"Form width","表单宽度",,
"Forwarded","转发",,
"From","来自",,
"Function name","函数名",,
"Funnel","漏斗",,
"GET","获取",,
"Gauge","仪表",,
"General","常规",,
"Generate Node Mapping","生成节点映射",,
"Generate code","生成代码",,
"Generate menu","生成菜单",,
"Generate with saved record","从保存的记录生成",,
"Generated Actions","已生成的操作",,
"Generated app","已生成的应用程序",,
"Generated from call activity","由调用活动生成",,
"Global actions","全局操作",,
"Greater","大于",,
"Greater or equals","大于等于",,
"Green","绿色",,
"Grey","灰色",,
"Grid view","网格视图",,
"Groovy","Groovy",,
"Groovy template","Groovy模板",,
"Group By","分组依据",,
"Group date type","分组日期类型",
"Group on type","按类型分组",,
"Groups","组",,
"Header","标题",,
"Header builder","标题构建器",,
"Header is invalid in import file","导入文件中的标题无效",,
"Headers","标题",,
"Height","高度",,
"Hello %s<br/> BPM state <b>%s</b> is activated on<br/> <a href=\"%s\">%s</a><br/>","你好 %s<br/> BPM状态<b>%s</b>在<br/> <a href=\"%s\">%s</a>上激活<br/>",,
"Help","帮助",,
"Hidden","隐藏",,
"Hidden in grid","在网格中隐藏",,
"Hidden menu","隐藏菜单",,
"Hide if","如果隐藏",,
"Hint","提示",,
"History configuration","历史配置",,
"History time to live","历史存活时间",,
"Horizontal bar","水平条形图",,
"Host","主机",,
"Hours","小时",,
"Icon","图标",,
"Id","ID",,
"Id is required in","需要ID",,
"If","如果",,
"If multiple","如果是多个",,
"If-Match","如果匹配",,
"If-Modified-Since","如果自修改以来",,
"If-None-Match","如果没有匹配",,
"If-Range","如果范围",,
"If-Unmodified-Since","如果自未修改以来",,
"If-module","如果模块",,
"Image","图像",,
"Implementation","实现",,
"Import","导入",,
"Import ID","导入ID",
"Import Log","导入日志",,
"Import app","导入应用程序",,
"Import demo data","导入演示数据",,
"Import failed","导入失败",,
"Import file","导入文件",,
"Import from sources","从源导入",,
"Import log","导入日志",,
"Import roles","导入角色",,
"Import wkf","导入工作流",,
"Import workflow models","导入工作流模型",,
"Imported Apps","已导入的应用程序",,
"Imported from","导入自",,
"Imported on","导入于",,
"Imported successfully","成功导入",,
"In mapping","在映射中",,
"Include","包含",,
"Include if","如果包含",,
"Inclusive Gateway","包容性网关",,
"Inclusive gateway","包容性网关",,
"Indigo","靛青色",,
"Infinite loop execution suspected","怀疑无限循环执行",,
"Information","信息",,
"Init data loaded","初始化数据已加载",,
"Initiator","发起人",,
"Input","输入",,
"Input Expression","输入表达式",,
"Input Label","输入标签",,
"Input Type","输入类型",,
"Input Values","输入值",,
"Input variable","输入变量",,
"Input xml","输入XML",,
"Install","安装",,
"Install order","安装顺序",,
"Installed","已安装",,
"Instance Restarted","实例已重启",,
"Instance Variable","实例变量",,
"Instance Variables","实例变量",,
"Instance error","实例错误",,
"Instance id","实例ID",,
"Integer","整数",,
"Intermediate Throw Event","中间抛出事件",,
"Intermediate throw event","中间抛出事件",,
"Invalid","无效",,
"Invalid BAML xml. Please contact admin for further info","无效的BAML XML，请联系管理员以获取更多信息",,
"Invalid File","无效文件",,
"Invalid date: start date is after end date","无效日期：开始日期在结束日期之后",,
"Is active","是否激活",,
"Is json","是否为json",,
"Is json relational field","是否为关系型JSON字段",,
"Is optional","是否可选",,
"Is parameter","是否为参数",,
"Is selection field","是否为选择字段",,
"Item","项",,
"Item is required in","需要项",,
"Item is required.","项是必需的。",,
"Item name is required in","需要项名称",,
"Item value is required in","需要项值",,
"Itemspan","项跨度",,
"Java class","Java类",,
"Javascript","JavaScript",,
"Job configuration","作业配置",,
"Job priority","作业优先级",,
"Json","JSON",,
"Json Field","JSON字段",,
"Json many to many","JSON多对多",,
"Json many to one","JSON多对一",,
"Json model name","JSON模型名称",,
"Json one to many","JSON一对多",,
"Keep empty","保持为空",,
"Key","键",,
"Key value","键值",,
"Label","标签",,
"Language","语言",,
"Last field selected must be of O2M or M2M type","最后一个选定字段必须是O2M或M2M类型",,
"Last subfield should be related to start model","最后一个子字段应与起始模型关联",,
"Last subfield should be related to team","最后一个子字段应与团队关联",,
"Last subfield should be related to user","最后一个子字段应与用户关联",,
"Last-Modified","最后修改",,
"Late tasks","延迟的任务",,
"Left menu","左侧菜单",,
"Less","小于",,
"Less or equals","小于等于",,
"Libraries","库",,
"Library","库",,
"Light Blue","浅蓝色",,
"Light Green","浅绿色",,
"Like","喜欢",,
"Lime","酸橙色",,
"Line","线",,
"Link","链接",,
"Link Intermediate Catch Event","链接中间捕获事件",,
"Link intermediate catch event","链接中间捕获事件",,
"Link Intermediate Throw Event","链接中间抛出事件",,
"Link intermediate throw event","链接中间抛出事件",,
"Link name","链接名称",,
"List","列表",,
"Listener id","监听器ID",,
"Listeners","监听器",,
"Local","本地",,
"Location","位置",,
"Log","日志",,
"Log File","日志文件",,
"Log file","日志文件",,
"Logic operator","逻辑运算符",,
"Loop","循环",,
"Loop cardinality","循环基数",,
"Main panel is required to have side panels","主面板需要有侧边栏",,
"Managers","管理员",,
"Manual Task","手动任务",,
"Manual task","手动任务",,
"Many to many","多对多",,
"Many to one","多对一",,
"Mapper","映射器",,
"Mappers","映射器",,
"Mapping","映射",,
"Mapping must have a target","映射必须有目标",,
"Match none","不匹配任何",,
"Match one","匹配一个",,
"Max","最大",,
"Max depth of recursive task execution","递归任务执行的最大深度",,
"Max duration (in seconds) for task execution","任务执行的最大持续时间（秒）",,
"Max size","最大尺寸",,
"Max-Forwards","最大转发次数",,
"Menu","菜单",,
"Menu Item","菜单项",,
"Menu action","菜单动作",,
"Menu contexts","菜单上下文",,
"Menu id","菜单ID",,
"Menu name","菜单名称",,
"Menu not found","找不到菜单",,
"Menu parent","菜单父级",,
"Menu title","菜单标题",,
"Menu/Action","菜单/操作",,
"Menubar","菜单栏",,
"Menus","菜单",,
"Merge and split feature","合并和拆分功能",,
"Merge operation requires at least 2 models. Please provide multiple models to proceed with the merge.","合并操作至少需要2个模型。请提供多个模型以继续进行合并。",,
"Merging editor","合并编辑器",,
"Message","消息",,
"Message Boundary Event","消息边界事件",,
"Message End Event","消息结束事件",,
"Message end event","消息结束事件",,
"Message Intermediate Catch Event","消息中间捕获事件",,
"Message intermediate catch event","消息中间捕获事件",,
"Message Intermediate Throw Event","消息中间抛出事件",,
"Message intermediate throw event","消息中间抛出事件",,
"Message Start Event","消息开始事件",,
"Message start event","消息开始事件",,
"Message name","消息名称",,
"Meta model","元模型",,
"Meta model else","其他元模型",,
"Meta module","元模块",,
"MetaMenu","元菜单",,
"Migrate instance","迁移实例",,
"Migrate previous version records?","迁移前版本记录？",,
"Migrated successfully","成功迁移",,
"Migration History","迁移历史",,
"Migration done successfully","成功完成迁移",,
"Migration error","迁移错误",,
"Migration status","迁移状态",,
"Min","最小",,
"Min size","最小尺寸",,
"Minutes","分钟",,
"Missing input label","缺少输入标签",,
"Missing output label","缺少输出标签",,
"Missing process configuration. Ensure that the required configuration for all the process is provided.","缺少流程配置。确保提供了所有流程所需的配置。",,
"Mobile menu","移动菜单",,
"Model","模型",,
"Model actions","模型操作",,
"Model field","模型字段",,
"Model name should be unique","模型名称应唯一",,
"Models","模型",,
"Module","模块",,
"Modules contains in the app","应用程序中包含的模块",,
"Month","月",,
"Multi instance","多实例",,
"Multiline","多行",,
"Multiple BPM files with the code %s are defined in sources","源码中有多个具有代码%s的BPM文件被定义",,
"Must provide a value","必须提供一个值",,
"Must provide a value for timeout task listener","必须为超时任务监听器提供一个值",,
"Must provide attributes","必须提供属性",,
"Must provide either loop cardinality or collection","必须提供循环基数或集合",,
"Must provide meta model or custom model","必须提供元模型或自定义模型",,
"My Late tasks","我的延迟任务",,
"My Tasks to do for the next 7 days","我接下来7天要做的任务",,
"My Tasks to do today","我今天要做的任务",,
"My processes","我的流程",,
"Name","名称",,
"Name (unique)","名称（唯一）",,
"Name and code are required.","名称和代码是必需的。",,
"Name column","名称列",,
"Name field","名称字段",,
"Name is required.","名称是必需的。",,
"New","新建",,
"New instance","新实例",,
"New process added successfully","新流程添加成功",,
"New record","新记录",,
"New selection","新选择",,
"New user menu","新用户菜单",,
"New version","新版本",,
"New version on deploy","部署时的新版本",,
"Next >>","下一个>>",,
"No","否",,
"No BPM files with the code %s is defined in sources","源码中没有定义代码为%s的BPM文件",,
"No application language set. Please set 'application.locale' property.","未设置应用程序语言。请设置'application.locale'属性。",,
"No chart found with given chart name","未找到给定名称的图表",,
"No configuration required","无需配置",,
"No data found","未找到数据",,
"No data to display","无数据显示",,
"No fields available","无可用字段",,
"No new version found","未找到新版本",,
"No options","无选项",,
"No result from DMN : %s","DMN：%s无结果",,
"No status","无状态",,
"No wkf model was imported.","没有导入工作流模型。",,
"Node","节点",,
"Node activation time","节点激活时间",,
"Node cancelled","节点已取消",,
"Node ids","节点ID",,
"Node mapping","节点映射",,
"None","无",,
"Not late tasks","非延迟任务",,
"Not migrated","未迁移",,
"OAuth 2","OAuth2.0",,
"OK","确定",,
"OR","或",,
"Object","对象",,
"Old node","旧节点",,
"Old nodes","旧节点",,
"On Going","进行中",,
"On change","变更时",,
"On click","点击时",
"On going","进行中",,
"On load","加载时",,
"On new","新建时",,
"On save","保存时",,
"One to many","一对多",,
"One to one","一对一",,
"Only if","仅当",,
"Only use this menu-item if the given expression is true.","只有在给定表达式为真时才使用此菜单项。",,
"Only use this menu-item if the given module is installed.","只有在给定模块已安装时才使用此菜单项。",,
"Open editor","打开编辑器",,
"Open mapper","打开映射器",,
"Open record","打开记录",,
"Operation successful","操作成功",,
"Operator","操作员",,
"Orange","橙色",,
"Order by","排序依据",,
"Origin","来源",,
"Other actions","其他操作",,
"Others","其他",,
"Out mapping","输出映射",,
"Output","输出",,
"Output Label","输出标签",,
"Output Name","输出名称",,
"Output Type","输出类型",,
"Output Values","输出值",,
"Output columns can't be empty in import file","导入文件中的输出列不能为空",,
"Output dmn table","输出DMN表格",,
"Output name","输出名称",,
"Outputs","输出",,
"Overview","概览",,
"PATCH","补丁",,
"POST","发布",,
"PUT","更新",,
"Pagination limit","分页限制",,
"Panel","面板",,
"Panels","面板",,
"Parallel Gateway","并行网关",,
"Parallel gateway","并行网关",,
"Parallel multi instance","并行多实例",,
"Parameter","参数",,
"Parameter %s has Already been defined!","参数%s已定义！",,
"Parameter %s has already been defined!","参数%s已定义！",,
"Parameters","参数",,
"Parent","父级",,
"Parent path","父级路径",,
"Participant multiplicity","Multiplicité de participant",,
"Password","密码",,
"Path condition can't be managed using builder once changed manually.","路径条件一旦手动更改后无法使用构建器管理。",,
"PayLoad type","负载类型",,
"Payload","负载",,
"Percentage(%)","百分比(%)",,
"Permanent","永久的",,
"Permanent ?","永久的？",,
"Permanent menu","永久菜单",,
"Permissions","权限",,
"Personal Access Keys","个人访问密钥",,
"Pie Chart","饼图",,
"Pink","粉红色",,
"Please enter form name and title","请输入表单名称和标题",,
"Please fill the fields lines by the right values.\n No effect for this action will be triggered","请用正确的值填写字段行。\n 此操作不会触发任何效果。",,
"Please input value bind with single quotation.","请用单引号绑定输入值。",,
"Please provide unique code. The code '%s' is already used","请提供唯一的代码。代码'%s'已被使用。",,
"Please provide unique process id","请提供唯一的流程ID。",,
"Please select the App(s) to export","请选择要导出的应用程序",,
"Position","位置",,
"Position menu","菜单位置",,
"Powered by Axelor","由Axelor提供支持",,
"Powered by bpmn.io","由bpmn.io提供支持",,
"Pragma","指令",,
"Precision","精度",,
"Previous Versions","先前版本",,
"Previous version","前一版本",,
"Pro","专业版",,
"Process","流程",,
"Process Instance","流程实例",,
"Process Instances","流程实例",,
"Process configs","流程配置",,
"Process id","流程ID",,
"Process instance","流程实例",,
"Process instance id","流程实例ID",,
"Process instance modification","流程实例修改",,
"Process list","流程列表",,
"Process name","流程名称",,
"Process path","流程路径",,
"Process update","流程更新",,
"Processes","流程",,
"Prompt","提示",,
"Properties","属性",,
"Properties panel","属性面板",,
"Proxy-Authorization","代理授权",,
"Purple","紫色",,
"Query","查询",,
"Query can't be managed using builder once changed manually.","查询一旦手动更改后无法使用构建器管理。",,
"Question","问题",,
"Radar","雷达图",,
"Range","范围",,
"Readonly","只读",,
"Readonly if","如果只读",,
"Receive Task","接收任务",,
"Record builders","记录生成器",,
"Red","红色",,
"Referer","来源网址",,
"Referrer-Policy","来源网址策略",,
"Refresh","刷新",,
"Refresh token request","刷新令牌请求",,
"Refresh token response","刷新令牌响应",,
"Regex","正则表达式",,
"Related field","关联字段",,
"Related field is required in","需要关联字段",,
"Related process instance","相关流程实例",,
"Relational field search","关联字段搜索",,
"Relational fields","关联字段",,
"Remove","移除",,
"Remove field","移除字段",,
"Remove group","移除组",,
"Remove old version menu","移除旧版本菜单",,
"Remove sub field","移除子字段",,
"Remove widget","移除组件",,
"Repeat if","如果重复",,
"Reply","回复",,
"Reporting","报表",,
"Request","请求",,
"Request variable","请求变量",,
"Requests","请求",,
"Required","必需",,
"Required if","如果必需",,
"Reset zoom","重置缩放",,
"Response type","响应类型",,
"Restart","重启",,
"Restarted successfully","成功重启",,
"Result","结果",,
"Result script","结果脚本",,
"Result variable","结果变量",,
"Retry time cycle","重试时间周期",,
"Return expression","返回表达式",,
"Return type","返回类型",,
"Return variable","返回变量",,
"Role","角色",,
"Role field path","角色字段路径",,
"Role type","角色类型",,
"Roles","角色",,
"Roles imported","已导入角色",,
"Roles imported successfully","角色导入成功",,
"Rules may overlap. The first matching rule will be chosen","规则可能会重叠。将选择第一个匹配的规则。",,
"SCRIPT","脚本",,
"Save","保存",,
"Saved Successfully","保存成功",,
"Scale","比例",,
"Scatter","散点图",,
"Script","脚本",,
"Script Meta","脚本元数据",,
"Script Task","脚本任务",,
"Script can't be managed using builder once changed manually.","脚本一旦手动更改后无法使用构建器管理。",,
"Script type","脚本类型",,
"Search","搜索",,
"Search Fields","搜索字段",,
"Search fields","搜索字段",,
"Search with","搜索",,
"Second group by","第二级分组",,
"Select BAML","选择BAML",,
"Select BPMN","选择BPMN",,
"Select DMN","选择DMN",,
"Select Mapper","选择映射器",,
"Select all","全选",,
"Select fields","选择字段",,
"Select first","选择第一个",,
"Select model","选择模型",,
"Select option","选择选项",,
"Select process","选择流程",,
"Select value","选择值",,
"Selection","选择",,
"Selection in","在选择中",,
"Selection items","选择项",,
"Selection or selection options are required","需要选择或选择选项",,
"Selection text","选择文本",,
"Selections","选择",,
"Self","自身",,
"Send Task","发送任务",,
"Send task","发送任务",,
"Send admins notification","发送管理员通知",,
"Send directly","直接发送",,
"Send managers notification","发送给管理员的通知",,
"Send messages","发送消息",,
"Send option","发送选项",,
"Send users notification","发送用户通知",,
"Separator","分隔符",,
"Sequence","序列",,
"Sequence Flow","序列流",,
"Sequence flow","序列流",,
"Sequential multi instance","顺序多实例",,
"Service Task","服务任务",,
"Service task","服务任务",,
"Show","显示",,
"Show Processes","显示流程",,
"Show actions","显示操作",,
"Show diagram properties","显示图表属性",,
"Show if","如果显示",,
"Show more...","显示更多...",,
"Show process tracking","显示流程跟踪",,
"Show records","显示记录",,
"Show title","显示标题",,
"Sidebar","侧边栏",,
"Signal","信号",,
"Signal Boundary Event","信号边界事件",,
"Signal boundary event","信号边界事件",,
"Signal End Event","信号结束事件",,
"Signal end event","信号结束事件",,
"Signal Intermediate Catch Event","信号中间捕获事件",,
"Signal intermediate catch event","信号中间捕获事件",,
"Signal Intermediate Throw Event","信号中间抛出事件",,
"Signal intermediate throw event","信号中间抛出事件",,
"Signal Start Event","信号开始事件",,
"Signal start event","信号开始事件",,
"Signal name","信号名称",,
"Some error occurred","发生了一些错误",,
"Source","源",,
"Source Json?","源Json?",,
"Source expression","源表达式",,
"Source field","源字段",,
"Source language","源语言",,
"Source model","源模型",,
"Source version","源版本",,
"Spacer","间隔",,
"Specify more than one group as a comma separated list.","以逗号分隔的形式指定多个组。",,
"Specify more than one user as a comma separated list.","以逗号分隔的形式指定多个用户。",,
"Specify more than one variable change event as a comma separated list.","以逗号分隔的形式指定多个变量变更事件。",,
"Split operation requires exactly one model. Please provide a single model to proceed with the split.","拆分操作需要一个确切的模型。请提供一个单独的模型以继续进行拆分。",,
"Splitting editor","拆分编辑器",,
"Standard","标准",,
"Start","开始",,
"Start Event","开始事件",,
"Start event","开始事件",,
"Start model ?","开始模型？",,
"Start node","起始节点",,
"Start value","起始值",,
"Startable","可启动",,
"Status","状态",,
"Status per day","每天的状态",,
"Status per month","每月的状态",,
"Stream","流",,
"Strict-Transport-Security","严格的传输安全",,
"String","字符串",,
"Strings must be in double quotes. Add multiple strings with comma.","字符串必须用双引号括起来。用逗号添加多个字符串。",,
"Strong","强",,
"Studio","工作室",,
"Studio App","应用程序工作室",,
"Studio action","工作室动作",,
"Studio chart","工作室图表",,
"Studio components","工作室组件",,
"Studio dashboard","工作室仪表板",,
"Studio dashlet list","工作室仪表板元素列表",,
"StudioChart.Group","组合",,
"StudioMenu.Order","订单",,
"StudioMenu.menu","菜单",,
"StudioMenu.menus","菜单",,
"Sub Process","子流程",,
"Sub-process","子流程",,
"Sub key values","子键值",,
"Sub lines","子行",,
"Sucessfully drafted","草稿成功",,
"Sure want to delete?","确定要删除吗？",,
"Tab","标签页",,
"Tab panel","标签页面板",,
"Tabs","标签页",,
"Tabs should have atleast one panel","标签页应至少有一个面板",,
"Tag count","标签计数",,
"Tag label","标签标签",,
"Tag method","标签方法",,
"Tag style","标签样式",,
"Target","目标",,
"Target Json?","目标Json?",,
"Target field","目标字段",,
"Target json","目标JSON",,
"Target json model","目标JSON模型",,
"Target json model required","需要目标JSON模型",,
"Target language","目标语言",,
"Target model","目标模型",,
"Target model required","需要目标模型",,
"Target object","目标对象",,
"Target title","目标标题",,
"Target type","目标类型",,
"Target version","目标版本",,
"Task","任务",,
"Task configs","任务配置",,
"Task done today per user","每个用户今天完成的任务",,
"Task evaluation","任务评估",,
"Task listener","任务监听器",,
"Task node","任务节点",,
"Task priority","任务优先级",,
"Task to do per user","每个用户要做的任务",,
"Task/Email","任务/邮件",,
"Tasks assigned to me","分配给我的任务",,
"Tasks by process","按流程划分的任务",,
"Tasks completion by days","按天完成的任务",,
"Tasks to do for the next 7 days","接下来7天要做的任务",,
"Tasks to do today","今天要做的任务",,
"Teal","蓝绿色",,
"Team field path","团队字段路径",,
"Team field type","团队字段类型",,
"Technical menu","技术菜单",,
"Technical monitoring","技术监控",,
"Template","模板",,
"Tenant id","租户ID",,
"Terminate End Event","终止结束事件",,
"Terminate end event","终止结束事件",,
"Terminate all the processes","终止所有流程",,
"Terminated","已终止",,
"Text","文本",,
"The code %s is already in use. Please choose a different code.","代码%s已在使用。请选择不同的代码。",,
"The data file is not an XML.","数据文件不是XML。",,
"The domain must not contains any escaped HTML characters","域不得包含任何转义的HTML字符",,
"The groovy template in transformation is not valid","转换中的Groovy模板无效",,
"The groovy template is not valid","Groovy模板无效",,
"The name must not contain spaces","名称不能包含空格",,
"Then","然后",,
"This App is in referenced. Please unlink it before continue.","此应用程序已引用。请在继续之前取消链接。",,
"This app is used by %s. Please deactivate them before continue.","此应用程序被%s使用。请在继续之前停用它们。",,
"This maps to the decision definition key.","这对应于决策定义键。",,
"This maps to the process definition key.","这对应于流程定义键。",,
"This maps to the task definition key.","这对应于任务定义键。",,
"Time","时间",,
"Time spent per status (hours)","每个状态花费的时间（小时）",,
"Timer Boundary Event","定时器边界事件",,
"Timer boundary event","定时器边界事件",,
"Timer Intermediate Catch Event","定时器中间捕获事件",,
"Timer intermediate catch event","定时器中间捕获事件",,
"Timer Start Event","定时器开始事件",,
"Timer start event","定时器开始事件",,
"Timer definition","定时器定义",,
"Timer definition type","定时器定义类型",,
"Timer events are not supported.","不支持定时器事件。",,
"Timespent per node","每个节点花费的时间",,
"Title","标题",,
"To","到",,
"Token","令牌",,
"Token field name","令牌字段名称",,
"Token request","令牌请求",,
"Token response","令牌响应",,
"Toolbar","工具栏",,
"Topic","主题",,
"Transaction","事务",,
"Transactional","事务性的",,
"Transformation","转换",,
"Transformation %s has Already been defined in the library %s !","转换%s已经在库%s中定义！",,
"Transformation library","转换库",,
"Transformations","转换",,
"Translate","翻译",,
"Translation","翻译",,
"Translations","翻译",,
"Trigger only on client change","仅在客户端更改时触发",,
"True","真",,
"Type","类型",,
"Type of multiple arguments","多个参数的类型",,
"URL","网址",,
"Ui options","UI选项",,
"Unblock all instances","解封所有实例",,
"Unblock process instance","解封流程实例",,
"Uninstall","卸载",,
"Unique constraint violation","唯一性约束冲突",,
"Unique model","唯一模型",,
"Unit","单位",,
"Unsupported operation : %s","不支持的操作：%s",,
"Unsupported variable type or empty map","不支持的变量类型或空映射",,
"Update","更新",,
"Update comment","更新评论",,
"Update selection","更新选择",,
"Updated on","更新于",,
"Upgrade","升级",,
"Upload","上传",,
"Upload Bpmn files only","仅上传BPMN文件",,
"Upload File","上传文件",,
"Upload dmn files only","仅上传DMN文件",,
"User Task","用户任务",,
"User task","用户任务",,
"User default path","用户默认路径",,
"User field path","用户字段路径",,
"User field type","用户字段类型",,
"User menu ?","用户菜单？",,
"Users","用户",,
"Valid","有效",,
"Valid if","如果有效",,
"Validation type","验证类型",,
"Value","值",,
"Value expr","值表达式",,
"Value from","来自值",,
"Value is required","需要值",,
"Value:add","值：添加",,
"Value:del","值：删除",,
"Var","变量",,
"Variable","变量",,
"Variable event","变量事件",,
"Variable name","变量名称",,
"Variables","变量",,
"Version","版本",,
"Version id","版本ID",,
"Version tag","版本标签",,
"Via","通过",,
"View","视图",,
"View DRD","查看DRD",,
"View attributes","查看属性",,
"View generated","查看生成的",,
"View name already exists","视图名称已存在",,
"View param","视图参数",,
"View params","视图参数",,
"Views","视图",,
"Visible in grid","网格中可见",,
"WS Authentication","WS认证",,
"WS Authenticator","WS身份验证器",,
"WS Component","WS组件",,
"WS Connector","WS连接器",,
"WS Request","WS请求",,
"WS Studio","WS工作室",,
"Wait for completion","等待完成",,
"Warning","警告",,
"Web-based tooling for BPMN, DMN and CMMN diagrams powered by bpmn.io","由bpmn.io驱动的基于Web的BPMN、DMN和CMMN图表工具",,
"Web-based tooling for no-code BPM apps powered by Axelor","由Axelor驱动的无需编码的BPM应用程序的Web工具",,
"When","何时",,
"White","白色",,
"Widget","小部件",,
"Widget attributes","小部件属性",,
"Wkf instance","工作流实例",,
"Wkf instance dashboard","工作流实例仪表板",,
"Wkf model","工作流模型",,
"Wkf process","工作流过程",,
"Wkf process config","工作流过程配置",,
"Wkf status color","工作流状态颜色",,
"Wkf task config","工作流任务配置",,
"Workflow dashboard","工作流仪表板",,
"Week format should not be combined with others(years, months, days, hours, minutes, or seconds).","周格式不应与其他格式（年、月、日、小时、分钟或秒）结合使用。",,
"X-Access-Token","X-访问令牌",,
"X-Content-Type-Options","X-内容类型选项",,
"X-Custom-Header","X-自定义头",,
"X-Forwarded-For","X-转发方",,
"X-Forwarded-Host","X-转发主机",,
"X-Forwarded-Port","X-转发端口",,
"X-Forwarded-Proto","X-转发协议",,
"X-Forwarded-Server","X-转发服务器",,
"X-Frame-Options","X-框架选项",,
"X-Requested-With","X-请求方式",,
"X-XSS-Protection","X-XSS保护",,
"XML","XML",,
"XML data file","XML数据文件",,
"XMLHttpRequest","XMLHttp请求",,
"Year","年",,
"Yellow","黄色",,
"Yes","是",,
"You can add comments about diagrams or specific BPMN elements.","您可以对图表或特定的BPMN元素添加注释。",,
"Zoom in","放大",,
"Zoom out","缩小",,
"\nIt contains placeholders for non existing parameters: \n","\n它包含不存在参数的占位符：\n",,
"\nIt should contain a placeholder for the following  parameters:\n","\n它应该包含以下参数的占位符：\n",,
"\nIt should contain the multiple arguments placeholder (%)!","\n它应该包含多个参数的占位符（%）！",,
"airplane","飞机",,
"airplane-fill","填充飞机",,
"amazon","亚马逊",,
"application/gzip","应用/gzip",,
"application/javascript","应用/JavaScript",,
"application/json","应用/JSON",,
"application/msword","应用/Word",,
"application/octet-stream","应用/八位字节流",,
"application/pdf","应用/PDF",,
"application/rtf","应用/富文本格式",,
"application/vnd.ms-excel","应用/Microsoft Excel",,
"application/vnd.ms-powerpoint","应用/Microsoft PowerPoint",,
"application/x-bzip2","应用/bzip2压缩",,
"application/x-javascript","应用/X-JavaScript",,
"application/x-perl","应用/X-Perl",,
"application/x-php","应用/X-PHP",,
"application/x-python-script","应用/X-Python脚本",,
"application/x-rar-compressed","应用/RAR压缩",,
"application/x-ruby","应用/X-Ruby",,
"application/x-sh","应用/X-shell",,
"application/x-tar","应用/Tar包",,
"application/x-www-form-urlencoded","应用/表单编码",,
"application/xhtml+xml","应用/XHTML+XML",,
"application/xml","应用/XML",,
"arrow-90deg-down","向下90度箭头",,
"arrow-90deg-up","向上90度箭头",,
"arrow-counterclockwise","逆时针箭头",,
"arrow-down","向下箭头",,
"arrow-down-circle-fill","向下箭头填充圆圈",,
"arrow-down-left-circle","向左下箭头圆圈",,
"arrow-left","向左箭头",,
"arrow-left-circle-fill","向左箭头填充圆圈",,
"arrow-left-right","左右双向箭头",,
"arrow-repeat","重复箭头",,
"arrow-right","向右箭头",,
"arrow-right-circle-fill","向右箭头填充圆圈",,
"arrow-up","向上箭头",,
"arrow-up-circle-fill","向上箭头填充圆圈",,
"arrow-up-left-circle","向左上箭头圆圈",,
"arrows","箭头",,
"arrows-angle-contract","角度收缩箭头",,
"arrows-angle-expand","角度扩展箭头",,
"arrows-fullscreen","全屏箭头",,
"arrows-move","移动箭头",,
"arrows-vertical","垂直箭头",,
"assignment","任务分配",,
"asterisk","星号",,
"at","在",,
"audio/aac","AAC音频",,
"audio/flac","FLAC音频",,
"audio/midi","MIDI音频",,
"audio/mp4","MP4音频",,
"audio/mpeg","MP3音频",,
"audio/ogg","OGG音频",,
"audio/wav","WAV音频",,
"audio/webm","WebM音频",,
"audio/x-ms-wma","Windows Media Audio",,
"back","返回",,
"badge-cc","CC徽章",,
"badge-tm","TM徽章",,
"bag-fill","填充购物袋",,
"ban","禁止",,
"bar-chart","柱状图",,
"basket-fill","填充篮子",,
"battery","电池",,
"battery-full","满电",,
"battery-half","半电",,
"behance","Behance",,
"bell","铃铛",,
"bell-fill","填充铃铛",,
"bell-slash","静音铃铛",,
"bell-slash-fill","填充静音铃铛",,
"bicycle","自行车",,
"binoculars-fill","填充望远镜",,
"black","黑色",,
"blue","蓝色",,
"bluetooth","蓝牙",,
"book","书籍",,
"bookmark-fill","书签填充",,
"bookmark-o","书签",,
"box","盒子",,
"box-arrow-in-right","向右箭头进入盒子",,
"box-arrow-right","向右箭头离开盒子",,
"box-arrow-up-right","向上箭头离开盒子",,
"boxes","多个盒子",,
"briefcase-fill","公文包填充",,
"broadcast-pin","广播图钉",,
"brown","棕色",,
"browser-chrome","浏览器Chrome",,
"browser-edge","浏览器Edge",,
"browser-firefox","浏览器Firefox",,
"browser-safari","浏览器Safari",,
"brush-fill","画笔填充",,
"building","建筑物",,
"buildings-fill","建筑物填充",,
"bullseye","靶心",,
"bus-front","公交车前部",,
"c-circle","C圈",,
"cake2-fill","蛋糕2填充",,
"calculator","计算器",,
"calendar","日历",,
"calendar-check","日历检查",,
"calendar-minus","日历减号",,
"calendar-plus","日历加号",,
"calendar-x","日历叉号",,
"camera-fill","相机填充",,
"camera-retro","复古相机",,
"camera-video-fill","视频相机填充",,
"car-front","汽车前部",,
"card-list","卡片列表",,
"caret-down-fill","向下填充的三角形",,
"caret-down-square","向下箭头方块",,
"caret-left-fill","向左填充的三角形",,
"caret-right-fill","向右填充的三角形",,
"caret-right-square","向右箭头方块",,
"caret-up-fill","向上填充的三角形",,
"caret-up-square","向上箭头方块",,
"cart-fill","购物车填充",,
"cart-plus-fill","添加到购物车填充",,
"cash","现金",,
"chat","聊天",,
"chat-dots","聊天点",,
"chat-dots-fill","聊天点填充",,
"chat-fill","聊天填充",,
"check","对勾",,
"check-circle","对勾圆圈",,
"check-circle-fill","对勾圆圈填充",,
"check-square","对勾方块",,
"chevron-double-down","双下箭头",,
"chevron-double-left","双左箭头",,
"chevron-double-right","双右箭头",,
"chevron-double-up","双上箭头",,
"chevron-down","下箭头",,
"chevron-left","左箭头",,
"chevron-right","右箭头",,
"chevron-up","上箭头",,
"circle","圆形",,
"circle-fill","圆形填充",,
"clipboard","剪贴板",,
"clock","时钟",,
"cloud-arrow-down-fill","云下载填充",,
"cloud-arrow-up-fill","云上传填充",,
"cloud-fill","云填充",,
"code-slash","代码斜杠",,
"collapsed","折叠",,
"Collapsed","折叠",,
"comments","评论",,
"compass","指南针",,
"complete","完成",,
"contains","包含",,
"controller","控制器",,
"copy","复制",,
"create","创建",,
"credit-card","信用卡",,
"credit-card-fill","信用卡填充",,
"crop","裁剪",,
"crosshair","十字线",,
"cup-hot-fill","热饮杯填充",,
"cup-straw","吸管杯",,
"currency-bitcoin","比特币货币",,
"currency-dollar","美元货币",,
"currency-euro","欧元货币",,
"currency-pound","英镑货币",,
"currency-rupee","卢比货币",,
"currency-yen","日元货币",,
"cursor-text","文本光标",,
"dash-circle-fill","短划线圆填充",,
"dash-lg","大短划线",,
"dash-square","短划线方框",,
"dash-square-fill","短划线方框填充",,
"database-fill","数据库填充",,
"default-search-filters","默认搜索过滤器",,
"delete","删除",,
"deployment","部署",,
"details-view","详情视图",,
"diagram-3-fill","图表3填充",,
"doesn't contain","不包含",,
"download","下载",,
"dropbox","Dropbox",,
"eject-fill","弹出填充",,
"emoji-frown","表情符号皱眉",,
"emoji-neutral","表情符号中立",,
"emoji-smile","表情符号微笑",,
"empty","空",,
"Empty pool/participant","空池/参与者",,
"end","结束",,
"envelope","信封",,
"envelope-fill","信封填充",,
"envelope-open","打开的信封",,
"envelope-open-fill","打开的信封填充",,
"equal","等于",,
"eraser-fill","橡皮擦填充",,
"exclamation","感叹号",,
"exclamation-circle-fill","感叹号圆圈填充",,
"exclamation-triangle","感叹号三角形",,
"expanded","展开",,
"Expanded","展开",,
"eye-fill","眼睛填充",,
"eye-slash","眼睛斜线",,
"eye-slash-fill","眼睛斜线填充",,
"eyedropper","滴管",,
"facebook","Facebook",,
"file","文件",,
"file-code","代码文件",,
"file-earmark-lock2-fill","锁定文件填充",,
"file-excel","Excel文件",,
"file-fill","文件填充",,
"file-medical-fill","医疗文件填充",,
"file-music","音乐文件",,
"file-pdf","PDF文件",,
"file-play","播放文件",,
"file-ppt","PPT文件",,
"file-richtext","富文本文件",,
"file-text","文本文件",,
"file-word","Word文件",,
"file-zip","压缩文件",,
"files","文件",,
"film","胶卷",,
"fire","火焰",,
"flag","旗帜",,
"flag-fill","旗帜填充",,
"folder","文件夹",,
"folder-fill","文件夹填充",,
"folder2-open","打开文件夹",,
"fonts","字体",,
"forceEdit","强制编辑",,
"forceTitle","强制标题",,
"forward-fill","前进填充",,
"fullscreen-exit","退出全屏",,
"funnel-fill","漏斗填充",,
"gear","齿轮",,
"gem","宝石",,
"gender-ambiguous","性别模糊",,
"gender-female","女性",,
"gender-male","男性",,
"gender-trans","跨性别",,
"geo-alt-fill","地理替代填充",,
"geo-fill","地理填充",,
"gift","礼物",,
"git","Git",,
"github","GitHub",,
"gitlab","GitLab",,
"globe","地球仪",,
"google","Google",,
"graph-up","上升图表",,
"graph-up-arrow","上升箭头图表",,
"greater or equal","大于或等于",,
"greater than","大于",,
"green","绿色",,
"grid-3x3-gap-fill","3x3网格间隙填充",,
"grid-fill","网格填充",,
"gzip","Gzip",,
"h-square-fill","H方格填充",,
"hammer","锤子",,
"hand-index","手指数",,
"hand-index-thumb","拇指手指数",,
"hand-thumbs-down","竖起大拇指向下",,
"hand-thumbs-down-fill","竖起大拇指向下填充",,
"hand-thumbs-up","竖起大拇指向上",,
"hand-thumbs-up-fill","竖起大拇指向上填充",,
"hash","井号",,
"hdd","硬盘驱动器",,
"hdd-stack","硬盘堆栈",,
"headphones","耳机",,
"heart","心形",,
"heart-pulse-fill","心跳填充",,
"hilite","高亮",,
"hospital","医院",,
"hourglass","沙漏",,
"hourglass-bottom","沙漏底部",,
"hourglass-split","沙漏分割",,
"hourglass-top","沙漏顶部",,
"house-fill","房屋填充",,
"image","图片",,
"image/bmp","BMP图片",,
"image/gif","GIF图片",,
"image/jpeg","JPEG图片",,
"image/png","PNG图片",,
"image/svg+xml","SVG图片",,
"image/tiff","TIFF图片",,
"image/webp","WebP图片",,
"image/x-icon","图标图片",,
"import.name","导入",,
"import.verb","导入",,
"in","在...内",,
"inbox","收件箱",,
"include","包括",,
"incognito","隐身模式",,
"info","信息",,
"info-circle-fill","信息圆圈填充",,
"is false","是假的",,
"is not null","不是空值",,
"is null","是空值",,
"is true","是真的",,
"item","项",,
"justify","两端对齐",,
"key","键",,
"keyboard","键盘",,
"laptop","笔记本电脑",,
"latest","最新",,
"layout-three-columns","三栏布局",,
"less or equal","小于或等于",,
"less than","小于",,
"life-preserver","救生圈",,
"lightbulb","灯泡",,
"lightning-fill","闪电填充",,
"limit","限制",,
"link","链接",,
"linkedin","LinkedIn",,
"list","列表",,
"list-ol","有序列表",,
"list-task","任务列表",,
"lock-fill","锁填充",,
"magic","魔法",,
"magnet-fill","磁铁填充",,
"map","地图",,
"map-fill","地图填充",,
"megaphone","扩音器",,
"message/external-body","外部消息体",,
"message/http","HTTP消息",,
"message/news","新闻消息",,
"message/partial","部分消息",,
"mic-fill","麦克风填充",,
"mic-mute-fill","静音麦克风填充",,
"mortarboard-fill","毕业帽填充",,
"multipart/alternative","多部分备选",,
"multipart/encrypted","多部分加密",,
"multipart/form-data","表单数据多部分",,
"multipart/mixed","多部分混合",,
"multipart/related","多部分关联",,
"multipart/signed","多部分签名",,
"music-note-beamed","连音符",,
"name","名称",,
"newspaper","报纸",,
"non-interrupting","非中断",,
"not equal","不等于",,
"not in","不在",,
"not include","不包括",,
"operations","操作",,
"orange","橙色",,
"paperclip","回形针",,
"paragraph","段落",,
"password","密码",,
"pause-circle","暂停圆圈",,
"pause-circle-fill","暂停圆圈填充",,
"pause-fill","暂停填充",,
"paypal","PayPal",,
"pc-display-horizontal","水平显示PC",,
"pencil-fill","铅笔填充",,
"pencil-square","铅笔方块",,
"people-fill","人群填充",,
"percent","百分比",,
"person","人",,
"person-badge","人物徽章",,
"person-circle","人物圆圈",,
"person-fill","人物填充",,
"person-plus-fill","添加人物填充",,
"person-vcard","人物名片",,
"person-vcard-fill","人物名片填充",,
"person-x-fill","拒绝人物填充",,
"phone","电话",,
"pie-chart-fill","饼图填充",,
"pin-fill","图钉填充",,
"pin-map-fill","地图图钉填充",,
"pink","粉红色",,
"pinterest","Pinterest",,
"play-circle","播放圆圈",,
"play-fill","播放填充",,
"plug-fill","插头填充",,
"plus-circle-fill","加号圆圈填充",,
"plus-lg","大加号",,
"plus-square-fill","加号方块填充",,
"popup","弹出窗口",,
"popup-save","保存弹出窗口",,
"popup.maximized","最大化弹出窗口",,
"power","电源",,
"printer","打印机",,
"purple","紫色",,
"puzzle-fill","拼图填充",,
"qr-code","二维码",,
"question","问题",,
"question-circle-fill","问题圆圈填充",,
"quora","Quora",,
"quote","引用",,
"r-circle","R圈",,
"reception-4","信号接收4",,
"record-circle","录音圆圈",,
"recycle","回收",,
"red","红色",,
"reddit","Reddit",,
"reload-dotted","重新加载带点",,
"repeat","重复",,
"reply-all-fill","回复全部填充",,
"reply-fill","回复填充",,
"required","必填",,
"rocket-takeoff-fill","火箭起飞填充",,
"rss","RSS",,
"save","保存",,
"scissors","剪刀",,
"search","搜索",,
"search-filters","搜索过滤器",,
"sequence","序列",,
"share","分享",,
"share-fill","分享填充",,
"shield-shaded","盾牌阴影",,
"show-confirm","显示确认",,
"show-toolbar","显示工具栏",,
"showArchived","显示已归档",,
"shuffle","洗牌",,
"signpost-2-fill","路标2填充",,
"skip-backward","快退",,
"skip-forward-fill","快进填充",,
"slack","Slack",,
"sliders","滑块",,
"snapchat","Snapchat",,
"sort-alpha-down","按字母降序",,
"sort-alpha-up","按字母升序",,
"sort-down","向下排序",,
"sort-numeric-down","按数字降序",,
"sort-numeric-up","按数字升序",,
"sort-up","向上排序",,
"speedometer","速度计",,
"spotify","Spotify",,
"square","正方形",,
"square-fill","正方形填充",,
"star","星星",,
"star-fill","星星填充",,
"star-half","半星",,
"start","开始",,
"status","状态",,
"steam","Steam",,
"sticky","便签",,
"sticky-fill","便签填充",,
"stop-circle","停止圆圈",,
"stop-circle-fill","停止圆圈填充",,
"stop-fill","停止填充",,
"stripe","Stripe",,
"subscript","下标",,
"superscript","上标",,
"table","表格",,
"tablet","平板电脑",,
"tag-fill","标签填充",,
"tags-fill","标签填充",,
"take","拿取",,
"task name type","任务名称类型",,
"taskPriorityType","任务优先级类型",,
"taxi-front-fill","出租车前部填充",,
"telegram","Telegram",,
"telephone","电话",,
"terminal","终端",,
"text-center","居中文本",,
"text-indent-left","左缩进文本",,
"text-indent-right","右缩进文本",,
"text-left","左对齐文本",,
"text-right","右对齐文本",,
"text/calendar","文本日历",,
"text/css","文本CSS",,
"text/csv","文本CSV",,
"text/html","文本HTML",,
"text/javascript","文本JavaScript",,
"text/markdown","文本Markdown",,
"text/plain","纯文本",,
"text/vcard","文本vCard",,
"text/xml","文本XML",,
"thermometer","温度计",,
"thermometer-half","半满温度计",,
"thermometer-high","高温温度计",,
"thermometer-low","低温温度计",,
"three-dots","三个点",,
"three-dots-vertical","垂直三个点",,
"ticket-fill","票填充",,
"timeout","超时",,
"toggle-off","关闭切换",,
"toggle-on","开启切换",,
"train-front-fill","火车前部填充",,
"translate","翻译",,
"trash","垃圾桶",,
"tree-fill","树填充",,
"trophy","奖杯",,
"truck","卡车",,
"tv","电视",,
"twitch","Twitch",,
"twitter","Twitter",,
"type-bold","粗体",,
"type-italic","斜体",,
"type-strikethrough","删除线",,
"type-underline","下划线",,
"umbrella-fill","雨伞填充",,
"unique","唯一",,
"universal-access","通用访问",,
"unlock-fill","解锁填充",,
"upc","UPC",,
"update","更新",,
"upload","上传",,
"usb-symbol","USB符号",,
"username","用户名",,
"value","值",,
"value:","值：",,
"value:BPM","BPM",,
"value:Product App","产品应用",,
"versionTag","版本标签",,
"vimeo","Vimeo",,
"violet","紫罗兰色",,
"volume-down-fill","音量减小填充",,
"volume-off-fill","静音填充",,
"volume-up-fill","音量增大填充",,
"whatsapp","WhatsApp",,
"white","白色",,
"wifi","WiFi",,
"wikipedia","Wikipedia",,
"window-dash","窗口破折号",,
"wkf.open.editor","打开工作流编辑器",,
"wkf.terminate.btn","终止工作流按钮",,
"wordpress","WordPress",,
"wrench","扳手",,
"x","X",,
"x-circle","X圆圈",,
"x-circle-fill","X圆圈填充",,
"yellow","黄色",,
"yelp","Yelp",,
"youtube","YouTube",,
"zoom-in","放大",,
"zoom-out","缩小",,
"{{$fmt('name')}}","{{$fmt('名称')}}",,
