"key","message","comment","context"
"-",,,
"<< Previous",,,
"<b>Tags:</b>$date: Today's date, $time: Current time","<b>Libellé:</b> $date: Date d'aujourd'hui, $time: Heure actuelle",,
"AND","ET",,
"Access config","Config. Accès",,
"Access config imported successfully","Config. Accès importée avec succès",,
"Action","Action",,
"Action/Email Title","Nom action/email",,
"Actions","Actions",,
"Add multiple arguments","Ajouter des arguments multiple",,
"Add the application to the App Management","Ajouter l'application à l'App Management",,
"Addons",,,
"Admins","Administrateurs",,
"Aggregate","Agréger",,
"Aggregate On","Agréger sur",,
"Aggregate On type","Agréger sur un type",,
"Aggregate date type","Type de date agrégée",,
"Alert","Alerte",,
"All Action","Toutes les actions",,
"All Processes","Tous les processus",,
"All instances","Toutes les instances ",,
"App",,,
"App Data Loader",,,
"App Loader",,,
"App Loaders",,,
"App Studio","App Studio",,
"App Survey","App Sondage",,
"App loader",,,
"App name","Application",,
"App studio","App studio",,
"App survey","App sondage",,
"Apps",,,
"Apps imported successfully","Applications importées avec succès",,
"Apps installed successfully","Applications installées avec succès",,
"Apps management",,,
"Apps refreshed successfully","Applications actualisées avec succès",,
"Are you sure to import demo data for '${name}'?","Voulez-vous vraiment importer les données de démo '${name}'?",,
"Are you sure to install '${name}'?","Voulez-vous vraiment installer '${name}'?",,
"Are you sure to uninstall '${name}'?","Voulez-vous vraiment désinstaller '${name}'?",,
"Are you sure wants to terminate all process ?","Etes -vous certains de vouloir terminer tous les processus ? ",,
"Area","Zone",,
"Assign value to","Affecter valeur à",,
"Assigned to me",,,
"Assigned to others",,,
"Auth call token",,,
"Auth request",,,
"Auth response",,,
"Auth type",,,
"Authenticate",,,
"Authenticated",,,
"Authenticator",,,
"Average time spent per node by per users",,,
"BAML","BAML",,
"BAML Editor","Editeur de BAML",,
"BAML Model","Modèle BAML",,
"BAMLs","BAMLs",,
"BPM","BPM",,
"BPM Dashboard","Tableau de bord BPM",,
"BPM Instance","Instance BPM",,
"BPM Instance State","Etat des instances BPM ",,
"BPM Model","Modèle BPM",,
"BPM Models",,,
"BPM State","Etat BPM",,
"BPM Studio","BPM Studio",,
"BPM components","Composants BPM",,
"BPM model",,,
"BPM state <b>%s</b> is activated on<br/> <a href=\""%s\"">%s</a><br/>","Etat BPM <b>%s</b> est activé le<br/> <a href=\""%s\"">%s</a><br/>",,
"Back to Draft","Retour Brouillon",,
"Background","Background",,
"Bar","Bar",,
"Base URL",,,
"Basic",,,
"Blocking","Blocage",,
"Boolean","Booléen",,
"Bulk install","Installation en masse",,
"Button","Bouton",,
"Call",,,
"Call Connector",,,
"Call if",,,
"Call link","Appel lien",,
"Call link condition","Appel lien sous condition ",,
"Call model","Appel model ",,
"Can collapse","Repliable",,
"Can search",,,
"Can't alter nodes for real existing selection field","Impossible d’altérer les nœuds pour les champs sélection réel existants",,
"Chart","Graphique",,
"Chart type","Type de graphique",,
"Charts",,,
"Close","Fermer",,
"Closed","Fermé",,
"Code","Code",,
"Collapse if","Replier si",,
"Color","Couleur",,
"Colspan","Colspan",,
"Common","Divers",,
"Completed","Complété",,
"Condition","Condition",,
"Configuration","Configuration",,
"Configure","Configurer",,
"Connector",,,
"Context","Contexte",,
"Create","Créer",,
"Create user action","Créer action utilisateur",,
"Css","CSS",,
"Current changes will be lost. Do you really want to proceed?","Tous les changements vont être perdus, est ce que vous confirmez ? ",,
"Current status","Statut actuel",,
"Custom","Personnalisé",,
"Custom actions","Actions personnalisées",,
"Custom field","Champ personnalisé",,
"Custom model","Modèle personnalisé",,
"DELETE",,,
"DMN","DMN",,
"DMN Diagrams","Diagrammes DMN",,
"DMN Editor","Editeur DMN",,
"DMN field","Champs DMN",,
"DMNs","DMNs",,
"Dashboard","Tableaux de bords",,
"Dashboards",,,
"Dashlet","Dashlet",,
"Dashlets","Dashlets",,
"Data file","Fichier de données",,
"Data file format is invalid","Le format de fichier de données est invalide",,
"Data file must be excel file","Le fichier de données doit être un fichier excel",,
"Date","Date",,
"Date time","Date et heure",,
"Datetime","Date et heure",,
"Day","Jour",,
"Days",,,
"Deadline field path","Chemin champ date d'échéance",,
"Decimal","Décimal",,
"Decision","Décision",,
"Decision Id","Id décision",,
"Decision tables","Tables de décisions",,
"Default Value","Valeur par défaut",,
"Default authenticator",,,
"Default form","Formulaire par défaut",,
"Default value","Valeur par défaut",,
"Delete","Supprimer",,
"Demo data loaded","Charger les données de démonstration",,
"Demo data loaded successfully","Données de démonstration chargées avec succès",,
"Depends on","Dépend de",,
"Deploy","Déployer",,
"Deployment id","Id de déploiement",,
"Description","Description",,
"Diagram xml","Diagrammes XML",,
"Direct creation","A la création",,
"Display","Affichage",,
"Display for models","Afficher sur les models",,
"Display message","Message affiché",,
"Display status","Afficher status",,
"Display tag count","Afficher le compteur",,
"Display type","Type d'affichage",,
"Dmn model","Model DMN",,
"Domain","Domaine",,
"Donut","Donut",,
"Dummy","Factice",,
"Edit before send","Editer avant d’envoyer",,
"Email","Email",,
"Email event","Événement email",,
"Email notification","Notification email",,
"Email template","Modèle de mail",,
"Email:","Email:",,
"Emails","Emails",,
"Enable app","Activer l'application",,
"End node","Nœud terminal",,
"Enterprise",,,
"Error in authorization",,,
"Error in authorization of connector: %s",,,
"Error in refreshing app","Erreur dans l'actualisation de l'application",,
"Execute","Executer",,
"Existing menu","Menu existant",,
"Existing select","Sélection existante",,
"Existing selection","Sélection existante",,
"Export","Exporter",,
"Export Apps",,,
"Export Data",,,
"Export app","Exporter l'application",,
"Export data","Exporter les données",,
"Export file","Ficher d’export",,
"Export libraries","Exporter les bibliothèques",,
"Export path not configured","Le chemin d’export n’est pas configuré.",,
"Exported on",,,
"Expression","Expression",,
"Extra","Extra",,
"Field","Champ",,
"Field name should be unique","Le nom d'un champ doit être unique",,
"Field options","Options du champ",,
"Field tracking","Traçabilité par champ",,
"Field type","Type de champ ",,
"Fields","Champs",,
"File","Fichier",,
"File Link",,,
"File Path",,,
"File text",,,
"File upload path not configured","Le chemin de chargement des fichiers n’est pas configuré.",,
"Filter","Filtre",,
"Filter Query",,,
"Filters","Filtres",,
"First Letter of the id should always be alphabet","La première lettre de l'id doit toujours être alphabétique",,
"First Letter of the name should always be alphabet","La première lettre du nom doit toujours être une minuscule",,
"First group by","Premier groupe par",,
"Form",,,
"Form view","Vue formulaire",,
"Forms","Formulaires",,
"From","De",,
"Funnel","Entonnoir",,
"GET",,,
"Gauge","Jauge",,
"Generate code","Générer le code",,
"Generate menu","Générer menu",,
"Generated Actions","Actions générées",,
"Generated app","App générée",,
"Generated from call activity","Générer depuis un appel d’activité ",,
"Grid view","Vue grille",,
"Groovy","Groovy",,
"Groovy template","Modèle Groovy",,
"Group By","Regrouper par",,
"Group date type","Type de date de groupe",,
"Group on type","Regrouper sur type",,
"Groups","Groupes",,
"Header",,,
"Header is invalid in import file","L’entête est invalide dans le fichier d’importation",,
"Headers",,,
"Height",,,
"Hello %s<br/> BPM state <b>%s</b> is activated on<br/> <a href=\""%s\"">%s</a><br/>","Bonjour %s<br/> l’état du BPM <b>%s</b> est activé le<br/> <a href=\""%s\"">%s</a><br/>",,
"Help","Aide",,
"Hidden in grid","Caché dans la grille",,
"Hidden menu","Menu caché",,
"Horizontal bar","Barre horizontale",,
"Hours",,,
"Icon","Icône",,
"Id",,,
"If","Si",,
"If-module","Si-module",,
"Image","Image",,
"Import","Importer",,
"Import ID",,,
"Import Log","Logs d’import ",,
"Import access config","Importer les config d’accès",,
"Import app","Importer l'application",,
"Import demo data","Importer les données de démonstration",,
"Import file",,,
"Import log",,,
"Import roles","Importer les rôles",,
"Import standard BPM","Importer un BPM ",,
"Import wkf model","Importer un modèle de processus",,
"Imported Apps",,,
"Imported from",,,
"Imported on",,,
"Infinite loop execution suspsected","Suspicion de boucle infinie",,
"Information","Information",,
"Init data loaded","Charger les données d'initialisation",,
"Input xml","Xml d’entrée ","Xml d’entrée ",
"Install",,,
"Install order","Ordre d’installation",,
"Installed","Installé",,
"Instance Restarted","Instance redémarrée ",,
"Instance id","Id d’instance",,
"Integer","Nombre entier",,
"Invalid BAML xml. Please contact admin for further info","XML du BAML invalide, merci de contacter l’administrateur pour de plus amples informations",,
"Invite","Inviter",,
"Is active","Est actif",,
"Is json","Est JSON",,
"Is json relational field","Champ relationnel JSON",,
"Is optional","Optionnel",,
"Is parameter","Est paramètre",,
"Is selection field","Est un champ de sélection",,
"Is submitted","Soumis",,
"Is survey","Questionnaire",,
"Itemspan","Largeur de l'objet",,
"Javascript","Javascript",,
"Json","Json",,
"Json Field","Champ Json",,
"Json many to many","Json N à N",,
"Json many to one","Json N à 1",,
"Json model name","Nom du modèle Json",,
"Json one to many","Json 1 à N",,
"Key",,,
"Key value",,,
"Language","Langue",,
"Late tasks","Tâches en retard",,
"Left menu","Menu de gauche",,
"Libraries","Bibliothèques",,
"Library","Bibliothèque",,
"Line","Ligne",,
"Lines","Lignes",,
"Link","Lien",,
"List",,,
"Log file","Fichier journal",,
"Logic operator","Opérateur logique",,
"Managers",,,
"Many to many","N à N",,
"Many to one","N à 1",,
"Mapper",,,
"Mappers",,,
"Max size","Taille max",,
"Menu Item",,,
"Menu action","Constructeur de menu",,
"Menu name","Nom du menu",,
"Menu parent","Menu parent",,
"Menu title","Titre du menu",,
"Message","Message",,
"Meta model","	Modèle meta",,
"Meta module","Meta module",,
"MetaMenu","Meta menu ",,
"Min size","Taille min",,
"Minutes",,,
"Missing input label","Etiquette d’entrée manquante",,
"Missing output label","Etiquette de sortie manquante",,
"Mobile menu","Menu mobile",,
"Model","Modèle",,
"Model name","Nom du modèle ",,
"Model name should be unique","Le nom d'un modèle doit être unique",,
"Models","Modèles",,
"Module","Module",,
"Modules","Modules",,
"Modules contains in the app","Modules contenus dans l'application",,
"Month","Mois",,
"Multiline","Multi-lignes",,
"My Late tasks","Mes tâches en retard ",,
"My Tasks to do for the next 7 days","Mes tâches à faire pour d’ici les 7 prochains jours",,
"My Tasks to do today","Mes tâches à faire aujourd’hui",,
"My processes","Mes processus",,
"Name","Nom",,
"Name (unique)","Nom (unique)",,
"Name column","Colonne nominative",,
"Name field","Champ nom",,
"New","Nouveau ",,
"New instance","Nouvelle instance",,
"New menu","Nouveau menu",,
"New record","Nouvel enregistrement",,
"New user menu","Nouveau menu Utilisateur",,
"Next >>","Suivant ",,
"No application language set. Please set 'application.locale' property.","Langue d'application non configurée. Veuillez configurer la propriété 'application.locale'",,
"No chart found with given chart name",,,
"No configuration required","Pas de configuration requise",,
"No data to display","Aucune donnée à afficher",,
"No options","Aucune options",,
"No public user configured for survey campaign or user does not exist","Aucun utilisateur public n'a été configuré pour la campagne de sondage ou l'utilisateur n'existe pas.",,
"No result from DMN : %s",,,
"No status","Aucun statut",,
"No submit button found on the survey form. You must add a button with the 'action-submit-survey-response' action on click.","Aucun bouton de soumission n'a été trouvé sur le formulaire de sondage. Vous devez ajouter un bouton avec l'action 'action-submit-survey-response' au clic.",,
"Node activation time","Heure d’activation du nœud ",,
"Node cancelled","Nœud annulé",,
"None","Aucun",,
"Not completed","Non complété",,
"Not late tasks",,,
"Not started","Non démarré",,
"OAuth 2",,,
"OR","OU",,
"Object","Objet",,
"Old nodes","Anciens nœuds ",,
"On Going","En cours",,
"On change","Au changement",,
"On click","Au clic",,
"On new","À la création",,
"On save","À la sauvegarde",,
"One to many","1 à N",,
"One to one","1 à 1",,
"Only use this menu-item if the given expression is true.","N'utilisez cet élément de menu que si l'expression donnée est vraie.",,
"Only use this menu-item if the given module is installed.","N'utilisez cet élément de menu que si le module concerné est installé.",,
"Open editor","Ouvrir l'éditeur",,
"Open mapper",,,
"Open record","Ouvrir enregistrement",,
"Operator","Opérateur",,
"Others",,,
"Output columns can't be empty in import file","La colonne de sortie ne peut être vide dans le fichier d’import",,
"Output dmn table","Table DMN de sortie ",,
"Outputs","Sorties",,
"Overview","Vue d'ensemble",,
"PATCH",,,
"POST",,,
"PUT",,,
"Pagination limit","Limite de pagination",,
"Panel","Panneau",,
"Panels","Panneaux",,
"Parameter","Paramètre",,
"Parameter %s has already been defined!","Le paramètre %s a déjà été défini !",,
"Parameters","Paramètres",,
"Parent","Parent",,
"Partially completed","Partiellement complété",,
"PayLoad type",,,
"Payload",,,
"Percentage(%)","Pourcentage(%)",,
"Permanent menu","Affectation permanente de l’enregistrement à ce menu",,
"Permissions","Permissions",,
"Pie Chart","Diagramme circulaire",,
"Please configure survey email template on Studio app","Veuillez configurer le modèle d'e-mail de sondage sur l'application Studio.",,
"Please configure survey user","Veuillez configurer l'utilisateur du sondage",,
"Please enter form name and title","Merci d'indiquer un nom et un titre pour le formulaire",,
"Please input value bind with single quotation.","Veuillez entrer les valeurs liées avec une seule guillemet",,
"Please provide unique code. The code '%s' is already used","Veuillez indiquer un code unique. Le code '%s' est déjà utilisé",,
"Please select the App(s) to export","Merci de sélectionner le ou les applications à exporter",,
"Position","Position",,
"Position menu","Position du menu ",,
"Previous Versions","Versions précédentes ",,
"Previous version","Version précédente",,
"Process","Processus",,
"Process Instance","Instance de processus",,
"Process Instances","Instances de processus",,
"Process configs","Configuration du processus",,
"Process id","Id du processus ",,
"Process instance","Instance du processus",,
"Process list","Liste des processus",,
"Process path","Chemin du processus ",,
"Processes",,,
"Prompt","Afficher",,
"Properties","Propriétés",,
"Public Survey","Sondage publique",,
"Radar","Radar",,
"Record builders","Constructeurs enregistrement ",,
"Refresh token request",,,
"Refresh token response",,,
"Regex","Regex",,
"Relational fields","Champs relationnels",,
"Repeat if",,,
"Report","Rapport",,
"Reporting","Reporting ",,
"Request",,,
"Requests",,,
"Required","Requis",,
"Required if","Requis si",,
"Responses","Réponses",,
"Result",,,
"Result script","Script de résultats",,
"Role","Rôle",,
"Roles","Rôles",,
"Roles imported","Rôles importés",,
"Roles imported successfully","Rôle importés avec succès",,
"Running","En cours",,
"SCRIPT","Script",,
"Scatter","Disperser",,
"Script","Script",,
"Script Meta",,,
"Script type","Type de script",,
"Search Fields",,,
"Second group by","Deuxième groupe par",,
"Select BAML","Selectionner BAML",,
"Select DMN","Sélectionner DMN",,
"Select Mapper",,,
"Select all","Tout sélectionner",,
"Select model","Sélectionner modèle",,
"Select option","Sélectionner option",,
"Select process","Sélectionner processus",,
"Selection","Sélection",,
"Selection text","Contenu de la sélection",,
"Selections","Sélections",,
"Send","Envoyer",,
"Send directly","Envoyer directement",,
"Send messages","Envoyer un message",,
"Send option","Option d’envoi",,
"Send to","Envoyer à",,
"Sent","Envoyé",,
"Sent to","Envoyé à",,
"Separator","Séparateur",,
"Sequence","Séquence",,
"Show","Montrer",,
"Show Processes",,,
"Show if","Montrer si",,
"Show process tracking","Afficher le suivi du processus",,
"Show records",,,
"Show title","Montrer le titre",,
"Sidebar","Barre latérale",,
"Sorry the survey campaign is closed","Désolé, la campagne de sondage est terminée",,
"Source",,,
"Source Json?","Source Json ?",,
"Source field","Champ source",,
"Source language","Langage source",,
"Standard",,,
"Start","Démarrer",,
"Start model ?","Démarrage du processus",,
"Start node","Nœud de départ",,
"Status","Statut ",,
"Status per day","Statut à la journée",,
"Status per month","Statut par mois",,
"Stream",,,
"String","Chaîne de caractères",,
"Studio","Studio",,
"Studio App",,,
"Studio action","Actions studio",,
"Studio chart","Graphiques studio",,
"Studio components","Composants studio",,
"Studio dashboard","Tableaux de bord studio",,
"Studio dashlet list","Liste des dashlets studio",,
"StudioChart.Group","Regrouper",,
"StudioMenu.Order","Ordre",,
"StudioMenu.menu","Menu",,
"StudioMenu.menus","Menus",,
"Sub key values",,,
"Sub lines","Sous-lignes",,
"Survey","Sondage",,
"Survey Campaign","Campagne de sondage",,
"Survey Email Template","Modèle de mail de sondage",,
"Survey campaign","Campagne de sondage",,
"Survey campaigns","Campagnes de sondage",,
"Survey model","Modèle de sondage",,
"Survey models","Modèles de sondage",,
"Survey response","Réponse de sondage",,
"Survey responses","Réponses de sondage",,
"Tabs","Onglets",,
"Tag count","Compteur",,
"Tag label","Libellé du tag",,
"Tag method","Méthode de calcul",,
"Tag style","Style de tag",,
"Target","Cible",,
"Target Json?","Json cible ?",,
"Target field","Champ cible",,
"Target json","JSON cible",,
"Target json model","Modèle de cible JSON",,
"Target json model required","Modèle json requis",,
"Target language","Langage cible",,
"Target model required","Modèle cible requis",,
"Target object","Objet cible",,
"Target title","Titre de la cible",,
"Target type","Type cible",,
"Task","Tâche",,
"Task configs","Configuration des tâches",,
"Task done today per user",,,
"Task node","Noeud intermédiaire",,
"Task to do per user",,,
"Task/Email","Tâches/email",,
"Tasks assigned to me","Tâches qui me sont assignées",,
"Tasks by process",,,
"Tasks completion by days",,,
"Tasks to do for the next 7 days","Tâches à faire dans les 7 prochains jours",,
"Tasks to do today","Tâches à faire aujourd’hui",,
"Team field path",,,
"Technical monitoring","Suivi technique",,
"Template","Modèle",,
"Terminate all process","Terminer tous les processus",,
"Terminated","Terminé",,
"Test",,,
"Text","Texte",,
"Thank you. Your response is completed","Nous vous remercions. Votre réponse est complétée",,
"The domain must not contains any escaped HTML characters","Le domaine ne doit pas contenir de caractère d'échappement en HTML",,
"The groovy template in transformation is not valid","Le modèle groovy dans la transformation n'est pas valide",,
"The groovy template is not valid","Le modèle groovy n'est pas valide",,
"The name must not contain spaces",,,
"This app is used by %s. Please deactivate them before continue.","Cette application est utilisée par %s. Veuillez les désactiver avent de continuer",,
"Time","Heure",,
"Time spent per status (hours)","Temps passé par statut en heures",,
"Timespent per node","Temps passé par nœud",,
"Title","Titre",,
"To","A",,
"Token","Jeton",,
"Token request",,,
"Token response",,,
"Top menu","Menu supérieur",,
"Total responses","Total réponses",,
"Transactional","Transactionnel",,
"Transformation","Transformation",,
"Transformation %s has already been defined in the library %s !","La transformation %s a déjà été définie dans la bibliothèque %s !",,
"Transformation library","Bibliothèque de transformation",,
"Transformations","Transformations",,
"Translate","Traduire",,
"Type","Type",,
"Type of multiple arguments","Type d'arguments multiple",,
"URL",,,
"Ui options","Options UI",,
"Uninstall",,,
"Unique model",,,
"Unit",,,
"Update","Mise à jour",,
"Update selection","Mettre à jour la sélection",,
"User","Utilisateur",,
"User Parent menu","Menu parent utilisateur",,
"User Permanent menu","Menu permanent utilisateur",,
"User access config","Configuration des accès utilisateurs",,
"User default path","Chemin utilisateur par défaut",,
"User field path","Chemin champ utilisateur",,
"User menu name","Nom menu utilisateur",,
"Users","Utilisateurs",,
"Valid if","Valide si",,
"Validation type","Type de validation",,
"Value","Valeur",,
"Value expr","Expression évaluée",,
"Version",,,
"Version tag","Tag de version",,
"View","Vue",,
"View generated","Vue générée",,
"View params","Paramètres de vue",,
"Views","Vues",,
"WS Studio","WS Studio",,
"WS studio","WS studio",,
"WS studio components","Composants WS studio",,
"Widget","Widget",,
"Widget attributes","Attributs de widget",,
"Wkf instance dashboard","Tableau de bord des instances de wkf",,
"Wkf model","Modèle de wkf",,
"Wkf process","Wkf de processus",,
"Wkf process config","Configuration du Wkf de processus",,
"Wkf status color","Couleur des statut du wkf",,
"Wkf task config","Configuration des tâches du wkf",,
"Workflow dashboard","Tableau de bord des flux de travail",,
"Wrong user or password configured for the survey","Mauvais utilisateur ou mot de passe configuré pour l'enquête.",,
"Ws Connector",,,
"XML","Xml d’entrée ",,
"Xml",,,
"Year","Année",,
"\nIt contains placeholders for non existing parameters: \n","\nIl contient des espaces réservés pour des paramètres non existants : \n",,
"\nIt should contain a placeholder for the following  parameters:\n","Il doit contenir un espace réservé pour les paramètres suivants:\n",,
"\nIt should contain the multiple arguments placeholder (%)!","Il doit contenir l'espace réservé aux arguments multiples (%) !",,
"black","noir",,
"blue","bleu",,
"brown","marron",,
"contains","contient",,
"doesn't contain","ne contient pas",,
"equal","égal",,
"fa-500px",,,
"fa-address-book",,,
"fa-address-book-o",,,
"fa-address-card",,,
"fa-address-card-o",,,
"fa-adjust",,,
"fa-adn",,,
"fa-align-center",,,
"fa-align-justify",,,
"fa-align-left",,,
"fa-align-right",,,
"fa-amazon",,,
"fa-ambulance",,,
"fa-american-sign-language-interpreting",,,
"fa-anchor",,,
"fa-android",,,
"fa-angellist",,,
"fa-angle-double-down",,,
"fa-angle-double-left",,,
"fa-angle-double-right",,,
"fa-angle-double-up",,,
"fa-angle-down",,,
"fa-angle-left",,,
"fa-angle-right",,,
"fa-angle-up",,,
"fa-apple",,,
"fa-archive",,,
"fa-area-chart",,,
"fa-arrow-circle-down",,,
"fa-arrow-circle-left",,,
"fa-arrow-circle-o-down",,,
"fa-arrow-circle-o-left",,,
"fa-arrow-circle-o-right",,,
"fa-arrow-circle-o-up",,,
"fa-arrow-circle-right",,,
"fa-arrow-circle-up",,,
"fa-arrow-down",,,
"fa-arrow-left",,,
"fa-arrow-right",,,
"fa-arrow-up",,,
"fa-arrows",,,
"fa-arrows-alt",,,
"fa-arrows-h",,,
"fa-arrows-v",,,
"fa-asl-interpreting",,,
"fa-assistive-listening-systems",,,
"fa-asterisk",,,
"fa-at",,,
"fa-audio-description",,,
"fa-automobile",,,
"fa-backward",,,
"fa-balance-scale",,,
"fa-ban",,,
"fa-bandcamp",,,
"fa-bank",,,
"fa-bar-chart",,,
"fa-bar-chart-o",,,
"fa-barcode",,,
"fa-bars",,,
"fa-bath",,,
"fa-bathtub",,,
"fa-battery",,,
"fa-battery-0",,,
"fa-battery-1",,,
"fa-battery-2",,,
"fa-battery-3",,,
"fa-battery-4",,,
"fa-battery-empty",,,
"fa-battery-full",,,
"fa-battery-half",,,
"fa-battery-quarter",,,
"fa-battery-three-quarters",,,
"fa-bed",,,
"fa-beer",,,
"fa-behance",,,
"fa-behance-square",,,
"fa-bell",,,
"fa-bell-o",,,
"fa-bell-slash",,,
"fa-bell-slash-o",,,
"fa-bicycle",,,
"fa-binoculars",,,
"fa-birthday-cake",,,
"fa-bitbucket",,,
"fa-bitbucket-square",,,
"fa-bitcoin",,,
"fa-black-tie",,,
"fa-blind",,,
"fa-bluetooth",,,
"fa-bluetooth-b",,,
"fa-bold",,,
"fa-bolt",,,
"fa-bomb",,,
"fa-book",,,
"fa-bookmark",,,
"fa-bookmark-o",,,
"fa-braille",,,
"fa-briefcase",,,
"fa-btc",,,
"fa-bug",,,
"fa-building",,,
"fa-building-o",,,
"fa-bullhorn",,,
"fa-bullseye",,,
"fa-bus",,,
"fa-buysellads",,,
"fa-cab",,,
"fa-calculator",,,
"fa-calendar",,,
"fa-calendar-check-o",,,
"fa-calendar-minus-o",,,
"fa-calendar-o",,,
"fa-calendar-plus-o",,,
"fa-calendar-times-o",,,
"fa-camera",,,
"fa-camera-retro",,,
"fa-car",,,
"fa-caret-down",,,
"fa-caret-left",,,
"fa-caret-right",,,
"fa-caret-square-o-down",,,
"fa-caret-square-o-left",,,
"fa-caret-square-o-right",,,
"fa-caret-square-o-up",,,
"fa-caret-up",,,
"fa-cart-arrow-down",,,
"fa-cart-plus",,,
"fa-cc",,,
"fa-cc-amex",,,
"fa-cc-diners-club",,,
"fa-cc-discover",,,
"fa-cc-jcb",,,
"fa-cc-mastercard",,,
"fa-cc-paypal",,,
"fa-cc-stripe",,,
"fa-cc-visa",,,
"fa-certificate",,,
"fa-chain",,,
"fa-chain-broken",,,
"fa-check",,,
"fa-check-circle",,,
"fa-check-circle-o",,,
"fa-check-square",,,
"fa-check-square-o",,,
"fa-chevron-circle-down",,,
"fa-chevron-circle-left",,,
"fa-chevron-circle-right",,,
"fa-chevron-circle-up",,,
"fa-chevron-down",,,
"fa-chevron-left",,,
"fa-chevron-right",,,
"fa-chevron-up",,,
"fa-child",,,
"fa-chrome",,,
"fa-circle",,,
"fa-circle-o",,,
"fa-circle-o-notch",,,
"fa-circle-thin",,,
"fa-clipboard",,,
"fa-clock-o",,,
"fa-clone",,,
"fa-close",,,
"fa-cloud",,,
"fa-cloud-download",,,
"fa-cloud-upload",,,
"fa-cny",,,
"fa-code",,,
"fa-code-fork",,,
"fa-codepen",,,
"fa-codiepie",,,
"fa-coffee",,,
"fa-cog",,,
"fa-cogs",,,
"fa-columns",,,
"fa-comment",,,
"fa-comment-o",,,
"fa-commenting",,,
"fa-commenting-o",,,
"fa-comments",,,
"fa-comments-o",,,
"fa-compass",,,
"fa-compress",,,
"fa-connectdevelop",,,
"fa-contao",,,
"fa-copy",,,
"fa-copyright",,,
"fa-creative-commons",,,
"fa-credit-card",,,
"fa-credit-card-alt",,,
"fa-crop",,,
"fa-crosshairs",,,
"fa-css3",,,
"fa-cube",,,
"fa-cubes",,,
"fa-cut",,,
"fa-cutlery",,,
"fa-dashboard",,,
"fa-dashcube",,,
"fa-database",,,
"fa-deaf",,,
"fa-deafness",,,
"fa-dedent",,,
"fa-delicious",,,
"fa-desktop",,,
"fa-deviantart",,,
"fa-diamond",,,
"fa-digg",,,
"fa-dollar",,,
"fa-dot-circle-o",,,
"fa-download",,,
"fa-dribbble",,,
"fa-drivers-license",,,
"fa-drivers-license-o",,,
"fa-dropbox",,,
"fa-drupal",,,
"fa-edge",,,
"fa-edit",,,
"fa-eercast",,,
"fa-eject",,,
"fa-ellipsis-h",,,
"fa-ellipsis-v",,,
"fa-empire",,,
"fa-envelope",,,
"fa-envelope-o",,,
"fa-envelope-open",,,
"fa-envelope-open-o",,,
"fa-envelope-square",,,
"fa-envira",,,
"fa-eraser",,,
"fa-etsy",,,
"fa-eur",,,
"fa-euro",,,
"fa-exchange",,,
"fa-exclamation",,,
"fa-exclamation-circle",,,
"fa-exclamation-triangle",,,
"fa-expand",,,
"fa-expeditedssl",,,
"fa-external-link",,,
"fa-external-link-square",,,
"fa-eye",,,
"fa-eye-slash",,,
"fa-eyedropper",,,
"fa-fa",,,
"fa-facebook",,,
"fa-facebook-f",,,
"fa-facebook-official",,,
"fa-facebook-square",,,
"fa-fast-backward",,,
"fa-fast-forward",,,
"fa-fax",,,
"fa-feed",,,
"fa-female",,,
"fa-fighter-jet",,,
"fa-file",,,
"fa-file-archive-o",,,
"fa-file-audio-o",,,
"fa-file-code-o",,,
"fa-file-excel-o",,,
"fa-file-image-o",,,
"fa-file-movie-o",,,
"fa-file-o",,,
"fa-file-pdf-o",,,
"fa-file-photo-o",,,
"fa-file-picture-o",,,
"fa-file-powerpoint-o",,,
"fa-file-sound-o",,,
"fa-file-text",,,
"fa-file-text-o",,,
"fa-file-video-o",,,
"fa-file-word-o",,,
"fa-file-zip-o",,,
"fa-files-o",,,
"fa-film",,,
"fa-filter",,,
"fa-fire",,,
"fa-fire-extinguisher",,,
"fa-firefox",,,
"fa-first-order",,,
"fa-flag",,,
"fa-flag-checkered",,,
"fa-flag-o",,,
"fa-flash",,,
"fa-flask",,,
"fa-flickr",,,
"fa-floppy-o",,,
"fa-folder",,,
"fa-folder-o",,,
"fa-folder-open",,,
"fa-folder-open-o",,,
"fa-font",,,
"fa-font-awesome",,,
"fa-fonticons",,,
"fa-fort-awesome",,,
"fa-forumbee",,,
"fa-forward",,,
"fa-foursquare",,,
"fa-free-code-camp",,,
"fa-frown-o",,,
"fa-futbol-o",,,
"fa-gamepad",,,
"fa-gavel",,,
"fa-gbp",,,
"fa-ge",,,
"fa-gear",,,
"fa-gears",,,
"fa-genderless",,,
"fa-get-pocket",,,
"fa-gg",,,
"fa-gg-circle",,,
"fa-gift",,,
"fa-git",,,
"fa-git-square",,,
"fa-github",,,
"fa-github-alt",,,
"fa-github-square",,,
"fa-gitlab",,,
"fa-gittip",,,
"fa-glass",,,
"fa-glide",,,
"fa-glide-g",,,
"fa-globe",,,
"fa-google",,,
"fa-google-plus",,,
"fa-google-plus-circle",,,
"fa-google-plus-official",,,
"fa-google-plus-square",,,
"fa-google-wallet",,,
"fa-graduation-cap",,,
"fa-gratipay",,,
"fa-grav",,,
"fa-group",,,
"fa-h-square",,,
"fa-hacker-news",,,
"fa-hand-grab-o",,,
"fa-hand-lizard-o",,,
"fa-hand-o-down",,,
"fa-hand-o-left",,,
"fa-hand-o-right",,,
"fa-hand-o-up",,,
"fa-hand-paper-o",,,
"fa-hand-peace-o",,,
"fa-hand-pointer-o",,,
"fa-hand-rock-o",,,
"fa-hand-scissors-o",,,
"fa-hand-spock-o",,,
"fa-hand-stop-o",,,
"fa-handshake-o",,,
"fa-hard-of-hearing",,,
"fa-hashtag",,,
"fa-hdd-o",,,
"fa-header",,,
"fa-headphones",,,
"fa-heart",,,
"fa-heart-o",,,
"fa-heartbeat",,,
"fa-history",,,
"fa-home",,,
"fa-hospital-o",,,
"fa-hotel",,,
"fa-hourglass",,,
"fa-hourglass-1",,,
"fa-hourglass-2",,,
"fa-hourglass-3",,,
"fa-hourglass-end",,,
"fa-hourglass-half",,,
"fa-hourglass-o",,,
"fa-hourglass-start",,,
"fa-houzz",,,
"fa-html5",,,
"fa-i-cursor",,,
"fa-id-badge",,,
"fa-id-card",,,
"fa-id-card-o",,,
"fa-ils",,,
"fa-image",,,
"fa-imdb",,,
"fa-inbox",,,
"fa-indent",,,
"fa-industry",,,
"fa-info",,,
"fa-info-circle",,,
"fa-inr",,,
"fa-instagram",,,
"fa-institution",,,
"fa-internet-explorer",,,
"fa-intersex",,,
"fa-ioxhost",,,
"fa-italic",,,
"fa-joomla",,,
"fa-jpy",,,
"fa-jsfiddle",,,
"fa-key",,,
"fa-keyboard-o",,,
"fa-krw",,,
"fa-language",,,
"fa-laptop",,,
"fa-lastfm",,,
"fa-lastfm-square",,,
"fa-leaf",,,
"fa-leanpub",,,
"fa-legal",,,
"fa-lemon-o",,,
"fa-level-down",,,
"fa-level-up",,,
"fa-life-bouy",,,
"fa-life-buoy",,,
"fa-life-ring",,,
"fa-life-saver",,,
"fa-lightbulb-o",,,
"fa-line-chart",,,
"fa-link",,,
"fa-linkedin",,,
"fa-linkedin-square",,,
"fa-linode",,,
"fa-linux",,,
"fa-list",,,
"fa-list-alt",,,
"fa-list-ol",,,
"fa-list-ul",,,
"fa-location-arrow",,,
"fa-lock",,,
"fa-long-arrow-down",,,
"fa-long-arrow-left",,,
"fa-long-arrow-right",,,
"fa-long-arrow-up",,,
"fa-low-vision",,,
"fa-magic",,,
"fa-magnet",,,
"fa-mail-forward",,,
"fa-mail-reply",,,
"fa-mail-reply-all",,,
"fa-male",,,
"fa-map",,,
"fa-map-marker",,,
"fa-map-o",,,
"fa-map-pin",,,
"fa-map-signs",,,
"fa-mars",,,
"fa-mars-double",,,
"fa-mars-stroke",,,
"fa-mars-stroke-h",,,
"fa-mars-stroke-v",,,
"fa-maxcdn",,,
"fa-meanpath",,,
"fa-medium",,,
"fa-medkit",,,
"fa-meetup",,,
"fa-meh-o",,,
"fa-mercury",,,
"fa-microchip",,,
"fa-microphone",,,
"fa-microphone-slash",,,
"fa-minus",,,
"fa-minus-circle",,,
"fa-minus-square",,,
"fa-minus-square-o",,,
"fa-mixcloud",,,
"fa-mobile",,,
"fa-mobile-phone",,,
"fa-modx",,,
"fa-money",,,
"fa-moon-o",,,
"fa-mortar-board",,,
"fa-motorcycle",,,
"fa-mouse-pointer",,,
"fa-music",,,
"fa-navicon",,,
"fa-neuter",,,
"fa-newspaper-o",,,
"fa-object-group",,,
"fa-object-ungroup",,,
"fa-odnoklassniki",,,
"fa-odnoklassniki-square",,,
"fa-opencart",,,
"fa-openid",,,
"fa-opera",,,
"fa-optin-monster",,,
"fa-outdent",,,
"fa-pagelines",,,
"fa-paint-brush",,,
"fa-paper-plane",,,
"fa-paper-plane-o",,,
"fa-paperclip",,,
"fa-paragraph",,,
"fa-paste",,,
"fa-pause",,,
"fa-pause-circle",,,
"fa-pause-circle-o",,,
"fa-paw",,,
"fa-paypal",,,
"fa-pencil",,,
"fa-pencil-square",,,
"fa-pencil-square-o",,,
"fa-percent",,,
"fa-phone",,,
"fa-phone-square",,,
"fa-photo",,,
"fa-picture-o",,,
"fa-pie-chart",,,
"fa-pied-piper",,,
"fa-pied-piper-alt",,,
"fa-pied-piper-pp",,,
"fa-pinterest",,,
"fa-pinterest-p",,,
"fa-pinterest-square",,,
"fa-plane",,,
"fa-play",,,
"fa-play-circle",,,
"fa-play-circle-o",,,
"fa-plug",,,
"fa-plus",,,
"fa-plus-circle",,,
"fa-plus-square",,,
"fa-plus-square-o",,,
"fa-podcast",,,
"fa-power-off",,,
"fa-print",,,
"fa-product-hunt",,,
"fa-puzzle-piece",,,
"fa-qq",,,
"fa-qrcode",,,
"fa-question",,,
"fa-question-circle",,,
"fa-question-circle-o",,,
"fa-quora",,,
"fa-quote-left",,,
"fa-quote-right",,,
"fa-ra",,,
"fa-random",,,
"fa-ravelry",,,
"fa-rebel",,,
"fa-recycle",,,
"fa-reddit",,,
"fa-reddit-alien",,,
"fa-reddit-square",,,
"fa-refresh",,,
"fa-registered",,,
"fa-remove",,,
"fa-renren",,,
"fa-reorder",,,
"fa-repeat",,,
"fa-reply",,,
"fa-reply-all",,,
"fa-resistance",,,
"fa-retweet",,,
"fa-rmb",,,
"fa-road",,,
"fa-rocket",,,
"fa-rotate-left",,,
"fa-rotate-right",,,
"fa-rouble",,,
"fa-rss",,,
"fa-rss-square",,,
"fa-rub",,,
"fa-ruble",,,
"fa-rupee",,,
"fa-s15",,,
"fa-safari",,,
"fa-save",,,
"fa-scissors",,,
"fa-scribd",,,
"fa-search",,,
"fa-search-minus",,,
"fa-search-plus",,,
"fa-sellsy",,,
"fa-send",,,
"fa-send-o",,,
"fa-server",,,
"fa-share",,,
"fa-share-alt",,,
"fa-share-alt-square",,,
"fa-share-square",,,
"fa-share-square-o",,,
"fa-shekel",,,
"fa-sheqel",,,
"fa-shield",,,
"fa-ship",,,
"fa-shirtsinbulk",,,
"fa-shopping-bag",,,
"fa-shopping-basket",,,
"fa-shopping-cart",,,
"fa-shower",,,
"fa-sign-in",,,
"fa-sign-language",,,
"fa-sign-out",,,
"fa-signal",,,
"fa-signing",,,
"fa-simplybuilt",,,
"fa-sitemap",,,
"fa-skyatlas",,,
"fa-skype",,,
"fa-slack",,,
"fa-sliders",,,
"fa-slideshare",,,
"fa-smile-o",,,
"fa-snapchat",,,
"fa-snapchat-ghost",,,
"fa-snapchat-square",,,
"fa-snowflake-o",,,
"fa-soccer-ball-o",,,
"fa-sort",,,
"fa-sort-alpha-asc",,,
"fa-sort-alpha-desc",,,
"fa-sort-amount-asc",,,
"fa-sort-amount-desc",,,
"fa-sort-asc",,,
"fa-sort-desc",,,
"fa-sort-down",,,
"fa-sort-numeric-asc",,,
"fa-sort-numeric-desc",,,
"fa-sort-up",,,
"fa-soundcloud",,,
"fa-space-shuttle",,,
"fa-spinner",,,
"fa-spoon",,,
"fa-spotify",,,
"fa-square",,,
"fa-square-o",,,
"fa-stack-exchange",,,
"fa-stack-overflow",,,
"fa-star",,,
"fa-star-half",,,
"fa-star-half-empty",,,
"fa-star-half-full",,,
"fa-star-half-o",,,
"fa-star-o",,,
"fa-steam",,,
"fa-steam-square",,,
"fa-step-backward",,,
"fa-step-forward",,,
"fa-stethoscope",,,
"fa-sticky-note",,,
"fa-sticky-note-o",,,
"fa-stop",,,
"fa-stop-circle",,,
"fa-stop-circle-o",,,
"fa-street-view",,,
"fa-strikethrough",,,
"fa-stumbleupon",,,
"fa-stumbleupon-circle",,,
"fa-subscript",,,
"fa-subway",,,
"fa-suitcase",,,
"fa-sun-o",,,
"fa-superpowers",,,
"fa-superscript",,,
"fa-support",,,
"fa-table",,,
"fa-tablet",,,
"fa-tachometer",,,
"fa-tag",,,
"fa-tags",,,
"fa-tasks",,,
"fa-taxi",,,
"fa-telegram",,,
"fa-television",,,
"fa-tencent-weibo",,,
"fa-terminal",,,
"fa-text-height",,,
"fa-text-width",,,
"fa-th",,,
"fa-th-large",,,
"fa-th-list",,,
"fa-themeisle",,,
"fa-thermometer",,,
"fa-thermometer-0",,,
"fa-thermometer-1",,,
"fa-thermometer-2",,,
"fa-thermometer-3",,,
"fa-thermometer-4",,,
"fa-thermometer-empty",,,
"fa-thermometer-full",,,
"fa-thermometer-half",,,
"fa-thermometer-quarter",,,
"fa-thermometer-three-quarters",,,
"fa-thumb-tack",,,
"fa-thumbs-down",,,
"fa-thumbs-o-down",,,
"fa-thumbs-o-up",,,
"fa-thumbs-up",,,
"fa-ticket",,,
"fa-times",,,
"fa-times-circle",,,
"fa-times-circle-o",,,
"fa-times-rectangle",,,
"fa-times-rectangle-o",,,
"fa-tint",,,
"fa-toggle-down",,,
"fa-toggle-left",,,
"fa-toggle-off",,,
"fa-toggle-on",,,
"fa-toggle-right",,,
"fa-toggle-up",,,
"fa-trademark",,,
"fa-train",,,
"fa-transgender",,,
"fa-transgender-alt",,,
"fa-trash",,,
"fa-trash-o",,,
"fa-tree",,,
"fa-trello",,,
"fa-tripadvisor",,,
"fa-trophy",,,
"fa-truck",,,
"fa-try",,,
"fa-tty",,,
"fa-tumblr",,,
"fa-tumblr-square",,,
"fa-turkish-lira",,,
"fa-tv",,,
"fa-twitch",,,
"fa-twitter",,,
"fa-twitter-square",,,
"fa-umbrella",,,
"fa-underline",,,
"fa-undo",,,
"fa-universal-access",,,
"fa-university",,,
"fa-unlink",,,
"fa-unlock",,,
"fa-unlock-alt",,,
"fa-unsorted",,,
"fa-upload",,,
"fa-usb",,,
"fa-usd",,,
"fa-user",,,
"fa-user-circle",,,
"fa-user-circle-o",,,
"fa-user-md",,,
"fa-user-o",,,
"fa-user-plus",,,
"fa-user-secret",,,
"fa-user-times",,,
"fa-users",,,
"fa-vcard",,,
"fa-vcard-o",,,
"fa-venus",,,
"fa-venus-double",,,
"fa-venus-mars",,,
"fa-viacoin",,,
"fa-viadeo",,,
"fa-viadeo-square",,,
"fa-video-camera",,,
"fa-vimeo",,,
"fa-vimeo-square",,,
"fa-vine",,,
"fa-vk",,,
"fa-volume-control-phone",,,
"fa-volume-down",,,
"fa-volume-off",,,
"fa-volume-up",,,
"fa-warning",,,
"fa-wechat",,,
"fa-weibo",,,
"fa-weixin",,,
"fa-whatsapp",,,
"fa-wheelchair",,,
"fa-wheelchair-alt",,,
"fa-wifi",,,
"fa-wikipedia-w",,,
"fa-window-close",,,
"fa-window-close-o",,,
"fa-window-maximize",,,
"fa-window-minimize",,,
"fa-window-restore",,,
"fa-windows",,,
"fa-won",,,
"fa-wordpress",,,
"fa-wpbeginner",,,
"fa-wpexplorer",,,
"fa-wpforms",,,
"fa-wrench",,,
"fa-xing",,,
"fa-xing-square",,,
"fa-y-combinator",,,
"fa-y-combinator-square",,,
"fa-yahoo",,,
"fa-yc",,,
"fa-yc-square",,,
"fa-yelp",,,
"fa-yen",,,
"fa-yoast",,,
"fa-youtube",,,
"fa-youtube-play",,,
"fa-youtube-square",,,
"greater or equal","supérieur ou égal à",,
"greater than","supérieur à",,
"green","vert",,
"import.name","Import",,
"import.verb","Importer",,
"in","dans",,
"include","inclus",,
"is false","est faux",,
"is not null","n'est pas null",,
"is null","est null",,
"is true","est vrai",,
"less or equal","inférieur ou égal",,
"less than","inférieur à",,
"not equal","pas égal",,
"not in","pas dans",,
"not include","n'est pas inclus",,
"orange","orange",,
"pink","rose",,
"purple","mauve",,
"red","rouge",,
"required","requis",,
"target is a special placeholder used in the groovy template, you can not define it as parameter!","target est un espace réservé spécial utilisé dans le modèle groovy, vous ne pouvez pas le définir en tant que paramètre !",,
"value:","Valeur :",,
"value:BPM","BPM",,
"value:Product App","Product App",,
"violet","violet",,
"white","blanc",,
"wkf.open.editor","Ouvrir l’éditeur de wkf",,
"wkf.terminate.btn","Bouton d’arrêt du wkf",,
"yellow","jaune",,
"{{$fmt('name')}}",,,
